INSERT INTO Arma VALUES ('Espada de Madera', 4, 564, 'Espada Ligera', 60.5, 0, NULL, NULL, NULL, NULL, 11, 30.6),
('Aquila Favonia', 5, 674, 'Espada Ligera', 80.5, 0, NULL, NULL, NULL, NULL, 13, 41.3),
('Cortador de Jade Primordial', 5, 541, 'Espada Ligera', 80.2, 0, NULL, NULL, NULL, NULL, 8, 44.1),
('Deseo Ponzoñoso', 5, 509, 'Espada Ligera', 70.5, 1, NULL, NULL, NULL, NULL, 11, 45.9),
('Espada del Alba', 3, 401, 'Espada Ligera', 80.1, 1, NULL, NULL, NULL, NULL, 10, 46.8),
('Rompemontañas', 5, 608, 'Espada Ligera', 80.5, 0, NULL, NULL, NULL, NULL, 12, 49.6),
('Rugido del León', 4, 509, 'Espada Ligera', 75.2, 0, NULL, NULL, NULL, NULL, 12, 41.3),
('Luz Lunar de Xifos', 4, 509, 'Espada Ligera', 70.2, 1, NULL, NULL, NULL, NULL, 9, 165),
('Argento Estelar de las Nieves', 4, 564, 'Espada Pesada', NULL, NULL, 5.6, NULL, NULL, NULL, 13, 34.4),
('Espada del Tiempo', 4, 509, 'Espada Pesada', NULL, NULL, 5.0, NULL, NULL, NULL, 14, 41.3),
('Májaira Aguamarina', 4, 509, 'Espada Pesada', NULL, NULL, 6.0, NULL, NULL, NULL, 9, 165.0),
('Segadora de la Lluvia', 4, 509, 'Espada Pesada', NULL, NULL, 6.0, NULL, NULL, NULL, 9, 165.0),
('Médula de la Serpiente Marina', 4, 509, 'Espada Pesada', NULL, NULL, 7.0, NULL, NULL, NULL, 8, 27.5),
('Espada Real del Bosque', 4, 564, 'Espada Pesada', NULL, NULL, 8.0, NULL, NULL, NULL, 11, 30.6),
('Espada de la Desidia', 5, 608, 'Espada Pesada', NULL, NULL, 7.5, NULL, NULL, NULL, 12, 49.6),
('Emblema del Mar de Juncos', 5, 608, 'Espada Pesada', NULL, NULL, 8.0, NULL, NULL, NULL, 8, 33.0),
('Borla Blanca', 3, 401, 'Lanza', NULL, NULL, NULL, 'Inglesa', NULL, NULL, 8, 23.4),
('Alabarda', 3, 448, 'Lanza', NULL, NULL, NULL, 'Alemana', NULL, NULL, 12, 23.4),
('Lanza de Caza Real', 4, 564, 'Lanza', NULL, NULL, NULL, 'Frámea Merovingia', NULL, NULL, 12, 27.5),
('Púa Celestial', 5, 674, 'Lanza', NULL, NULL, NULL, 'Europea Funcional', NULL, NULL, 11, 36.7),
('Lanza del Duelo', 4, 454, 'Lanza', NULL, NULL, NULL, 'Corcesca', NULL, NULL, 8, 36.7),
('La Captura', 4, 509, 'Lanza', NULL, NULL, NULL, 'Doble', NULL, NULL, 11, 45.9),
('Lanza de Espinadragón', 4, 454, 'Lanza', NULL, NULL, NULL, 'Frámea Merovingia', NULL, NULL, 13, 68.9),
('Lanza Lítica', 4, 564, 'Lanza', NULL, NULL, NULL, 'Lítica', NULL, NULL, 12, 27.5),
('Agitador del Relámpago', 5, 608, 'Arco', NULL, NULL, NULL, NULL, 'Crin de Caballo', NULL, 10, 66.1),
('Arco de Favonius', 4, 454, 'Arco', NULL, NULL, NULL, NULL, 'Lino Encerado', NULL, 11, 61.2),
('Arco de Cuervo', 3, 448, 'Arco', NULL, NULL, NULL, NULL, 'Catgut', NULL, 9, 93.0),
('Senda de la Cazadora', 5, 541, 'Arco', NULL, NULL, NULL, NULL, 'Algodon', NULL, 8, 44.1),
('Arco del Peñasco Oscuro', 4, 564, 'Arco', NULL, NULL, NULL, NULL, 'Catgut', NULL, 10, 36.7),
('Arco Real', 4, 509, 'Arco', NULL, NULL, NULL, NULL, 'Sedas', NULL, 12, 41.3),
('Vasalla del Rey', 4, 454, 'Arco', NULL, NULL, NULL, NULL, 'crin de caballo', NULL, 12, 55.1),
('Mensajero', 3, 448, 'Arco', NULL, NULL, NULL, NULL, 'Catgut', NULL, 10, 31.2),
('Ágata del Peñasco Oscuro', 4, 509, 'Catalizador', NULL, NULL, NULL, NULL, NULL, 'Ofensiva', 10, 55.1),
('Anillo de Hakushin', 4, 564, 'Catalizador', NULL, NULL, NULL, NULL, NULL, 'Soporte', 11, 30.6),
('Estrella Errabunda', 4, 509, 'Catalizador', NULL, NULL, NULL, NULL, NULL, 'Defensiva', 9, 165.0),
('Candado Terrenal', 5, 608, 'Catalizador', NULL, NULL, NULL, NULL, NULL, 'Ofensiva', 12, 49.6),
('Cuentos de Dodoco', 4, 454, 'Catalizador', NULL, NULL, NULL, NULL, NULL, 'Ofensiva', 12, 55.1),
('Frío Eterno', 4, 509, 'Catalizador', NULL, NULL, NULL, NULL, NULL, 'Ofensiva', 12, 41.3),
('Memorias de Sacrificios', 4, 454, 'Catalizador', NULL, NULL, NULL, NULL, NULL, 'Defensiva', 9, 220.0),
('Centelleo Jadecaído', 5, 608, 'Catalizador', NULL, NULL, NULL, NULL, NULL, 'Soporte', 14, 49.6);

INSERT INTO Region VALUES ('Fontaine', 'Focalors', 'De las regiones de Teyvat, Fontaine se enorgullece de ser el centro de la cultura y las artes; o en palabras de Francis, un mercader ambulante de la región, la verdadera belleza y elegancia. El periódico «El Pájaro de Vapor» es el principal periódico de la Corte de Fontaine; Mona es columnista en él, lo que sugiere que tienen escritores de todo Teyvat.', 'Hydro'), 
('Liyue', 'Morax', 'Es una de las siete naciones de Teyvat. También es la ciudad-Estado que adora a Morax, el Arconte Geo.', 'Geo'), 
('Inazuma', 'Beelzebul', 'Es una de las siete naciones de Teyvat. Es una nación archipelágica que adora a Beelzebul, la Arconte Electro, quien a su vez dirige la Entidad Controladora local, el Shogunato de Inazuma.', 'Electro'),
('Mondstadt', 'Barbatos', 'Es una de las siete naciones de Teyvat, y es la primera en la que el Viajero empieza a buscar a su hermana perdida. Es la ciudad-estado que adora a Barbatos, el Arconte Anemo.', 'Anemo'),
('Sumeru', 'Reina Menor Kusanali', 'Es una de las sietes naciones de Teyvat. Es la ciudad-estado que adora a la Diosa de la Sabiduría, la Reina Menor Kusanali, la Arconte Dendro.', 'Dendro');

INSERT INTO RegionesInspiradas VALUES ('Fontaine', 'Francia'), 
('Liyue', 'China'),
('Inazuma', 'Japon'),
('Mondstadt', 'Alemania'),
('Sumeru', 'Oriente Próximo y la Antigua India');

INSERT INTO Elemento VALUES ('Anemo'), ('Pyro'), ('Cryo'), ('Geo'), ('Dendro'), ('Electro'), ('Hydro'), ('N/A');

INSERT INTO Efecto VALUES (1, '%Daño Pyro', 'Inflige daño de Fuego'), 
(2, '%Daño Electro', 'Inflige daño Electrico'), 
(3, '%Daño Hydro', 'Inflige daño Acuatico'),
(4, '%Daño Cryo', 'Inflige daño Congelante'),
(5, '%Daño Geo', 'Inflige daño con Rocas'),
(6, '%Daño Dendro', 'Inflige daño con Plantas'),
(7, '%Daño Anemo', 'Inflige daño de Viento'),
(8, '%PROB. Critico', 'Mide la frecuencia con la que un personaje podrá infligir un crítico.'),
(9, '%Maestria Elemental', 'Aumenta la potencia de las Reacciones elementales creadas por tu personaje.'),
(10, '%Daño Critico', 'Determina cuánto daño adicional infligirá el héroe cuando se active un golpe crítico.'),
(11, '%Recarga de Energia', 'Cada personaje tiene una estadística porcentual de Recarga de Energía. Ésta es inicialmente 100%, pero puede aumentar por medio de los artefactos, de un arma o como especialidad del personaje (en Shogun Raiden, Mona, Bennet, Venti, Kaeya y Yun Jin).'),
(12, '%ATQ', 'Hace un incremento al ataque normal por ciertos segundos, aumentando mas el porcentaje.'),
(13, '%Daño Fisico', 'Es el daño estandard de las armas.'),
(14, '%Vida', 'Incremento de Vida por porcentajes'),
(15, '%DEF', 'Incremento de defensa'),
(16, 'Vida Plana', 'incremento de vida completa'),
(17, 'ATQ Plano', 'Ataque normal'),
(18, 'DEF plana', 'Defensa completa'),
(19, 'AGT Stamina', 'Incremento de Resistencia y Destreza'),
(20, '%RES Pyro', 'Resistencia al Fuego'),
(21, '%RES Electro', 'Resistencia Electrica'),
(22, '%RES Hydro', 'Resistencia Acuatica'),
(23, '%RES Cryo', 'Resistencia Congelante'),
(24, '%RES Geo', 'Resistencia al las Rocas'),
(25, '%RES Dendro', 'Resistencia al daño de Plantas'),
(26, '%RES Anemo', 'Resistencia al Viento'),
(27, '%Daño Elemental', 'Inflige daño Elemental'),
(28, '%Curacion', 'Curacion'),
(29, 'N/A', 'Sin Efecto');

-- Ataque%, Vida%, Fisico%, Elemental%

INSERT INTO Comida VALUES ('Carne de Mora', 1, 'Liyue'),
('Carne Frita', 1, 'Liyue'),
('Dango Tricolor', 3, 'Inazuma'),
('Costillas con salsa secreta', 2, 'Fontaine'),
('Estofado de perca de lomo negro', 3, 'Liyue'),
('Leche de dango', 3, 'Inazuma'),
('Arroz con anguila bañado en té', 3, 'Inazuma'),
('Biryani', 4, 'Sumeru'),
('Brotes de bambú hervidos', 2, 'Inazuma'),
('Cangrejo mantequilla', 4, 'Inazuma'),
('Pesca extrema', 3, 'Mondstadt'),
('Tayín fuegoáureo', 3, 'Sumeru'),
('Para Foçalors', 3, 'Fontaine'),
('Cassoulet', 3, 'Fontaine'),
('Arroz con anguila bañado en té', 3, 'Inazuma'),
('Pollo rockero', 2, 'Liyue'),
('Ensalada saludable', 2, 'Mondstadt'),
('Fideos barba de dragón', 3, 'Liyue'),
('Guoba de Jueyun', 3, 'Liyue'),
('Jugo de gancho de lobo', 2, 'Mondstadt'),
('Cien sabores', 3, 'Fontaine'),
('Carne a la jardinera', 2, 'Mondstadt'),
('Chop suey de Zhongyuan', 3, 'Liyue'),
('Fish and chips', 3, 'Fontaine'),
('Tulumba', 3, 'Sumeru'),
('Carne estilo Eje Celestial', 4, 'Liyue'),
('Pollo “en vessie”', 4, 'Fontaine'),
('Érase una vez en Mondstadt', 3, 'Mondstadt'),
('Brotes de bambú hervidos', 2, 'Inazuma'),
('Pescado mandarín agridulce', 3, 'Liyue'),
('Pizza de champiñones especial', 3, 'Inazuma'),
('Trucha con almendras', 1, 'Fontaine'),
('Tortilla de papas de Mondstadt', 3, 'Mondstadt'),
('Sopa de cebolla', 2, 'Fontaine'),
('Pastelillo de luna', 4, 'Mondstadt'),
('Pescado seco estofado', 1, 'Inazuma'),
('Bolitas de harina de arroz', 1, 'Liyue'),
('Caracolas de cristal', 3, 'Fontaine'),
('Estofado de carne de Sabz', 3, 'Sumeru'),
('Onigiri', 2, 'Inazuma');


CREATE TABLE Comida (
    nombre VARCHAR(50) PRIMARY KEY NOT NULL,
    rareza INTEGER(5) NOT NULL,
    nombre_region VARCHAR(100) NOT NULL,
    FOREIGN KEY (nombre_region) REFERENCES Region(nombre)
);

CREATE TABLE Arma (
    nombre VARCHAR(50) PRIMARY KEY NOT NULL,
    rareza INT NOT NULL,
    ataque_base FLOAT NOT NULL,
    tipo VARCHAR(100) NOT NULL,
    logitud INT NOT NULL,
    doble_filo BOOLEAN NOT NULL,
    peso INT NOT NULL,
    tipo_punta VARCHAR(100) NOT NULL,
    material_cuerda VARCHAR(100) NOT NULL,
    tipo_magia VARCHAR(100) NOT NULL,
    segundo_efecto VARCHAR(100) NOT NULL,
    maginitud_segundo_efecto INT NOT NULL
);


INSERT INTO Habilidades VALUES ('Abiogenesis: Solar Isotoma','Elemental',1.3040000200271606),
('Rite of Progeniture: Tectonic Tide','Definitiva',3.671999931335449),
('Frozen Wilds','Elemental',1.7760000228881836),
('Prophecies of Dawn','Definitiva',3.5920000076293945),
('Explosive Puppet','Elemental',0.41359999775886536),
('Fiery Rain','Definitiva',0.2808000147342682),
('Universal Diagnosis','Elemental',0.7919999957084656),
('Holistic Revivification','Definitiva',0.00800000037997961),
('Let the Show Begin','Elemental',0.03999999910593033),
('Shining Miracle','Definitiva',0.17599999904632568),
('Tidecaller','Elemental',0.14399999380111694),
('Stormbreaker','Definitiva',1.215999960899353),
('Passion Overload','Elemental',1.3760000467300415),
('Fantastic Voyage','Definitiva',2.328000068664551),
('Sacred Rite: Herons Sanctum','Elemental',0.11999999731779099),
('Sacred Rite: Wagtails Tide','Definitiva',0.06610400229692459),
('Framing: Freezing Point Composition','Elemental',0.671999990940094),
('Still Photo: Comprehensive Confirmation','Definitiva',2.5657339096069336),
('Short-Range Rapid Interdiction Fire','Elemental',1.1519999504089355),
('Ring of Bursting Grenades','Definitiva',3.6816000938415527),
('Spirit Blade: Chonghuas Layered Frost','Elemental',1.7203999757766724),
('Spirit Blade: Cloud-Parting Star','Definitiva',1.4240000247955322),
('Floral Brush','Elemental',1.5119999647140503),
('Trump-Card Kitty','Definitiva',2.018239974975586),
('Secret Rite: Chasmic Soulfarer','Elemental',1.3040000200271606),
('Sacred Rite: Wolfs Swiftness','Definitiva',0.7828320264816284),
('Molten Inferno','Elemental',1.1288000345230103),
('Leonine Bite','Definitiva',0.9869999885559082),
('Searing Onslaught','Elemental',0.9440000057220459),
('Dawn','Definitiva',2.0399999618530273),
('Icy Paws','Elemental',0.41920000314712524),
('Signature Mix','Definitiva',0.800000011920929),
('Spirit-Warding Lamp: Troubleshooter Cannon','Elemental',1.4728000164031982),
('Alcazarzarays Exactitude','Definitiva',0.15882399678230286),
('Icetide Vortex','Elemental',1.4639999866485596),
('Glacial Illumination','Definitiva',2.4560000896453857),
('Nightrider','Elemental',0.8880000114440918),
('Midnight Phantasmagoria','Definitiva',2.0799999237060547),
('Salon Solitaire','Elemental',0.07863999903202057),
('Let the People Rejoice','Definitiva',0.11406400054693222),
('Bestial Ascent','Elemental',2.303999900817871),
('Suannis Gilded Dance','Definitiva',3.7039999961853027),
('Trail of the Qilin','Elemental',1.2000000476837158),
('Celestial Shower','Definitiva',0.7027199864387512),
('Inuzaka All-Round Defense','Elemental',1.0720000267028809),
('Juuga: Forward Unto Victory','Definitiva',0.9821599721908569),
('Gale Blade','Elemental',2.9200000762939453),
('Dandelion Breeze','Definitiva',4.248000144958496),
('Frostgnaw','Elemental',1.9119999408721924),
('Glacial Waltz','Definitiva',0.7760000228881836),
('Artistic Ingenuity','Elemental',2.0399999618530273),
('Painted Dome','Definitiva',1.600000023841858),
('Meow-teor Kick','Elemental',1.0399999618530273),
('Secret Art: Surprise Dispatch','Definitiva',5.702400207519531),
('Jumpy Dumpty','Elemental',0.9520000219345093),
('Sparks n Splash','Definitiva',0.42640000581741333),
('Violet Arc','Elemental',3.200000047683716),
('Lightning Rose','Definitiva',0.36559998989105225),
('Enigmatic Feint','Elemental',2.680000066757202),
('Magic Trick: Astonishing Shift','Definitiva',0.8320000171661377),
('Bewildering Lights','Elemental',1.6720000505447388),
('Wondrous Trick: Miracle Parade','Definitiva',1.5399999618530273);

INSERT INTO Personaje VALUES ('Albedo','Jefe Alquimista','Geo','Humano sintético','Princeps Cretaceus',5,'Espada Ligera',19,NULL,68,1029,'Mondstadt','Espada Favonious','%Daño Geo',7.2,'Abiogenesis: Solar Isotoma','Rite of Progeniture: Tectonic Tide',NULL),
('Aloy','La Salvadora de Otro Mundo','Cryo','Humana','Nora Fortis',5,'Arco',18,NULL,52,848,NULL,'Bow','%Daño Cryo',7.2,'Frozen Wilds','Prophecies of Dawn',NULL),
('Amber','Campeona de vuelo','Pyro','Humana','Lepus',4,'Arco',18,NULL,50,793,'Mondstadt','Bow',12,NULL,'Explosive Puppet','Fiery Rain',NULL),
('Baizhu','El Trasgresor de lo Mortal','Dendro','Humano','Lagenaria',5,'Catalizador',14,NULL,38,1039,'Liyue','Catalyst','HP',NULL,'Universal Diagnosis','Holistic Revivification',NULL),
('Barbara','Ídolo Radiante','Hydro','Humana','Crater',4,'Catalizador',13,NULL,56,820,'Mondstadt','Catalyst','HP',NULL,'Let the Show Begin','Shining Miracle',NULL),
('Beidou','Reina del Océano sin Corona','Electro','Humana','Victor Mare',4,'Espada Pesada',18,NULL,54,1094,'Liyue','Claymore',2,NULL,'Tidecaller','Stormbreaker',NULL),
('Bennett','Líder de la Brigada de Benny','Pyro','Humano','Rota Calamitas',4,'Espada Ligera',16,NULL,64,1039,'Mondstadt','Espada','Energy Recharge',NULL,'Passion Overload','Fantastic Voyage',NULL),
('Candace','Custodia de la Aldea Aaru','Hydro','Humana','Sagitta Scutum',4,'Lanza',17,NULL,57,911,'Sumeru','Polearm','HP',NULL,'Sacred Rite: Herons Sanctum','Sacred Rite: Wagtails Tide',NULL),
('Charlotte','Reportera de El Pájaro de Vapor','Cryo','Humana','Hualina Veritas',4,'Catalizador',14,NULL,45,902,'Fontaine','Catalyst',12,NULL,'Framing: Freezing Point Composition','Still Photo: Comprehensive Confirmation',NULL),
('Chevreuse','Capitana de la Unidad Especial de Seguridad y Vigilancia','Pyro','Humana','Sclopetum Ensiferum',4,'Lanza',16,NULL,50,1002,'Fontaine','Polearm','HP',NULL,'Short-Range Rapid Interdiction Fire','Ring of Bursting Grenades',NULL),
('Chongyun','Desterrador del mal y los rumores sobre el mismo','Cryo','Humano','Nubis Caesor',4,'Espada Pesada',18,NULL,54,920,'Liyue','Claymore',12,NULL,'Spirit Blade: Chonghuas Layered Frost','Spirit Blade: Cloud-Parting Star',NULL),
('Collei','Guardabosques en prácticas del Bosque Avidya','Dendro','Humana','Leptailurus Cervarius',4,'Arco',16,NULL,50,820,'Sumeru','Bow',12,NULL,'Floral Brush','Trump-Card Kitty',NULL),
('Cyno','El Magistrado de lo Arcano','Electro','Humano','Lupus Aureus',5,'Lanza',24,NULL,66,972,'Sumeru','Polearm','%Daño Crítico',NULL,'Secret Rite: Chasmic Soulfarer','Sacred Rite: Wolfs Swiftness',NULL),
('Dehya','La Leona Ardiente','Pyro','Humana','Mantichora',5,'Espada Pesada',20,NULL,48,1220,'Sumeru','Claymore','HP',NULL,'Molten Inferno','Leonine Bite',NULL),
('Diluc','Dueño del Viñedo del Amanecer','Pyro','Humano','Noctua',5,'Espada Pesada',26,NULL,61,1010,'Mondstadt','Claymore','CRIT Rate',NULL,'Searing Onslaught','Dawn',NULL),
('Diona','La Cantinera Felina','Cryo','Sangre felinesa','Feles',4,'Arco',17,3,50,802,'Mondstadt','Bow','%Daño Cryo',NULL,'Icy Paws','Signature Mix',NULL),
('Dori','La Magnate Acaudalada','Electro','Humana','Magicae Lucerna',4,'Espada Pesada',18,4,60,1039,'Sumeru','Claymore','HP',NULL,'Spirit-Warding Lamp: Troubleshooter Cannon','Alcazarzarays Exactitude',NULL),
('Eula','Caballera de la Marea','Cryo','Humana','Aphros Delos',5,'Espada Pesada',26,NULL,58,1029,'Mondstadt','Claymore','%Daño Crítico',NULL,'Icetide Vortex','Glacial Illumination',NULL),
('Fischl','La Princesa del Juicio','Electro','Humana','Corvus',4,'Arco',20,3,49,770,'Mondstadt','Bow',12,NULL,'Nightrider','Midnight Phantasmagoria',NULL),
('Furina','La Bailarina Incansable','Hydro','Humana','Animula Choragi',5,'Espada Ligera',18,4,54,1191,'Fontaine','Espada','CRIT Rate',NULL,'Salon Solitaire','Let the People Rejoice',NULL),
('Gaming','El Vigía Leonino','Pyro','Humano','Leo Expergiscens',4,'Espada Pesada',25,1,58,957,'Liyue','Claymore',12,NULL,'Bestial Ascent','Suannis Gilded Dance',NULL),
('Ganyu','La Vigía del Plenilunio','Cryo','Humana','Sinae Unicornis',5,'Arco',26,5,49,762,'Liyue','Bow','%Daño Crítico',NULL,'Trail of the Qilin','Celestial Shower',NULL),
('Gorou','El General Canino','Geo','Humano','Canis Bellatoris',4,'Arco',15,NULL,54,802,'Inazuma','Bow','%Daño Geo',NULL,'Inuzaka All-Round Defense','Juuga: Forward Unto Victory',NULL),
('Jean','Caballera de Dandelion','Anemo','Humana','Leo Menor',5,'Espada Ligera',18,5,59,1143,'Mondstadt','Espada','Healing Bonus',NULL,'Gale Blade','Dandelion Breeze',NULL),
('Kaeya','Capitán de Caballería','Cryo','Humano','Pavo Ocellus',4,'Espada Ligera',18,2,66,975,'Mondstadt','Espada','Energy Recharge',NULL,'Frostgnaw','Glacial Waltz',NULL),
('Kaveh','El Espejo del Empíreo','Dendro','Humano','Paradisaea',4,'Espada Pesada',19,2,62,1002,'Sumeru','Claymore','Elemental Mastery',NULL,'Artistic Ingenuity','Painted Dome',NULL),
('Kirara','La Gata en los Aleros','Dendro','Humana','Arcella',4,'Espada Ligera',18,NULL,45,1021,'Inazuma','Espada','HP',NULL,'Meow-teor Kick','Secret Art: Surprise Dispatch',NULL),
('Klee','Caballero Chispeante','Pyro',NULL,'Trifolium',5,'Catalizador',24,2,47,800,'Mondstadt','Catalyst','%Daño Pyro',NULL,'Jumpy Dumpty','Sparks n Splash',NULL),
('Lisa','Bruja de las Rosas','Electro','Humana','Tempus Fugit',4,'Catalizador',19,3,48,802,'Mondstadt','Catalyst','Elemental Mastery',NULL,'Violet Arc','Lightning Rose',NULL),
('Lynette','La Elegancia de las Sombras','Anemo',NULL,'Felis Alba',4,'Espada Ligera',19,4,59,1039,'Fontaine','Espada','%Daño Anemo',NULL,'Enigmatic Feint','Magic Trick: Astonishing Shift',NULL),
('Lyney','El Mago de la Fantasmagoría','Pyro','Humano','Felis Fuscus',5,'Arco',24,NULL,41,857,'Fontaine','Bow','CRIT Rate',NULL,'Bewildering Lights','Wondrous Trick: Miracle Parade',NULL),
('Arlecchino','La Sota','Pyro',NULL,NULL,NULL,NULL,NULL,NULL,NULL,NULL,'Snezhnaya',NULL,NULL,NULL,NULL,NULL,NULL),
('Scaramuccia','El Baladista',' Electro',NULL,NULL,NULL,NULL,NULL,NULL,NULL,NULL,'Inazuma',NULL,NULL,NULL,NULL,NULL,NULL),
('Dottore','El Doctor',NULL,NULL,NULL,NULL,NULL,NULL,NULL,NULL,NULL,NULL,NULL,NULL,NULL,NULL,NULL,NULL),
('Guizhong','Diosa de la Arena',NULL,NULL,NULL,NULL,NULL,NULL,NULL,NULL,NULL,NULL,NULL,NULL,NULL,NULL,NULL,NULL),
('Colombina','La Damisela', NULL,NULL,NULL,NULL,NULL,NULL,NULL,NULL,NULL,'Snezhnaya',NULL,NULL,NULL,NULL,NULL,NULL),
('Ahangar','Herrero',NULL,NULL,NULL,NULL,NULL,NULL,NULL,NULL,NULL,'Sumeru',NULL,NULL,NULL,NULL,NULL,NULL),
('Fierro','Minero',NULL,NULL,NULL,NULL,NULL,NULL,NULL,NULL,NULL,'Liyue',NULL,NULL,NULL,NULL,NULL,NULL),
('Elzer','Director del Gremio de Productores de Vino',NULL,NULL,NULL,NULL,NULL,NULL,NULL,NULL,NULL,'Mondstadt',NULL,NULL,NULL,NULL,NULL,NULL),
('Bruce','Caballero de Favonius',NULL,NULL,NULL,NULL,NULL,NULL,NULL,NULL,NULL,'Mondstadt',NULL,NULL,NULL,NULL,NULL,NULL),
('Blanche','Dependienta de la Boutique de Mondstadt',NULL,NULL,NULL,NULL,NULL,NULL,NULL,NULL,NULL,'Mondstadt',NULL,NULL,NULL,NULL,NULL,NULL);






INSERT INTO ConjuntoArtefactos VALUES ('Afortunado', 'Un trébol de cuatro hojas que crece en la naturaleza. Fue arrancado porque se decía que traía suerte', 15, 99.9, 'Liyue'),
('Instructor', 'Cuando el instructor llevaba puesto este broche, significaba que ese día no había entrenamiento.', 9, 80.0, 'Mondstadt'),
('Ritual Antiguo de la Nobleza', 'Una flor satinada con un acabado brillante, apta para una reunión elegante. Todavía se ve tan distinguida como lo hizo el día en que fue desechada', 12, 20.0, 'Liyue'),
('Artista Marcial', 'Solo este tipo de flor carmesí podía aliviar el dolor del Artista Marcial.', 17, 15.0, 'Liyue'),
('Doncella Amada', 'Una delicada y orgullosa flor que nunca se ha marchitado. Sigue emitiendo una fraganca irresistible.', 16, 15.0, 'Mondstadt'),
('Caballería Sanguinaria', 'Una flor seca, oscura, con manchas de sangre y dura como el acero. Es considerada una especie de souvenir.', 13, 25.0, 'Liyue'),
('Domador de Truenos', 'Una flor que solo crece en zonas tormentosas. Da el coraje necesario para salir al exterior en días de tormenta extrema.', 2, 35.0, 'Mondstadt'),
('Furia del Trueno', 'Una flor del trueno que sobrevivió al furioso pisoteo y a las llamas abrasadoras de una catástrofe destructiva del pasado.', 2, 15.0, 'Mondstadt'),
('Corazón de las Profundidades', 'Un broche cuyo color y brillo se han atenuadoo, Su revestimiento dorado original se ha perdido debido a la erosión de la brisa marina.', 3, 15.0, 'Mondstadt'),
('Petra Arcaica', 'Una flor que brota en las grietas de las rocas y los minerales. Sus pétalos se mecen con la brisá, tal y como una flor real.', 5, 15.0, 'Liyue'),
('Virtuoso Corredor de Lava', 'Una flor que se abrió entre las llamas. Según la leyenda, los sabios de la antigüedad la llevaron consigo antes de cruzar el mar de fuego.', 20, 40.0, 'Liyue'),
('Deceso del Cinabrio', 'Un objeto conmemorativo tan vivo como el ser que lo resguardó cientos de años atrás.', 12, 18.0, 'Liyue'),
('Perla Oceánica', 'Una flor que se ha teñido de muchos de los colores del océano caprichoso y que reluce con hermosos reflejos bajo la luz de la luna.', 28, 15.0, 'Inazuma'),
('Compañía Dorada', 'Una flor orgullosamente abierta y fabricada con almejas, madreperlas y pan de oro.', 27, 20.0, 'Fontaine'),
('');
