INSERT INTO Efecto VALUES (1, '%Daño Pyro', 'Inflige daño de Fuego'), 
(2, '%Daño Electro', 'Inflige daño Electrico'), 
(3, '%Daño Hydro', 'Inflige daño Acuatico'),
(4, '%Daño Cryo', 'Inflige daño Congelante'),
(5, '%Daño Geo', 'Inflige daño con Rocas'),
(6, '%Daño Dendro', 'Inflige daño con Plantas'),
(7, '%Daño Anemo', 'Inflige daño de Viento'),
(8, '%PROB. Critico', 'Mide la frecuencia con la que un personaje podrá infligir un crítico.'),
(9, '%Maestria Elemental', 'Aumenta la potencia de las Reacciones elementales creadas por tu personaje.'),
(10, '%Daño Critico', 'Determina cuánto daño adicional infligirá el héroe cuando se active un golpe crítico.'),
(11, '%Recarga de Energia', 'Cada personaje tiene una estadística porcentual de Recarga de Energía. Ésta es inicialmente 100%, pero puede aumentar por medio de los artefactos, de un arma o como especialidad del personaje (en Shogun Raiden, Mona, Bennet, Venti, Kaeya y Yun Jin).'),
(12, '%ATQ', 'Hace un incremento al ataque normal por ciertos segundos, aumentando mas el porcentaje.'),
(13, '%Daño Fisico', 'Es el daño estandard de las armas.'),
(14, '%Vida', 'Incremento de Vida por porcentajes'),
(15, '%DEF', 'Incremento de defensa'),
(16, 'Vida Plana', 'incremento de vida completa'),
(17, 'ATQ Plano', 'Ataque normal'),
(18, 'DEF plana', 'Defensa completa'),
(19, 'AGT Stamina', 'Incremento de Resistencia y Destreza'),
(20, '%RES Pyro', 'Resistencia al Fuego'),
(21, '%RES Electro', 'Resistencia Electrica'),
(22, '%RES Hydro', 'Resistencia Acuatica'),
(23, '%RES Cryo', 'Resistencia Congelante'),
(24, '%RES Geo', 'Resistencia al las Rocas'),
(25, '%RES Dendro', 'Resistencia al daño de Plantas'),
(26, '%RES Anemo', 'Resistencia al Viento'),
(27, '%Daño Elemental', 'Inflige daño Elemental'),
(28, '%Curacion', 'Curacion'),
(29, 'N/A', 'Sin Efecto'),
(30, '%Protec. Escudo', 'Porcentaje de proteccion');

INSERT INTO Arma VALUES ('Espada de Madera', 4, 564, 'Espada Ligera', 60.5, False, NULL, NULL, NULL, NULL, 11, 30.6),
('Aquila Favonia', 5, 674, 'Espada Ligera', 80.5, False, NULL, NULL, NULL, NULL, 13, 41.3),
('Cortador de Jade Primordial', 5, 541, 'Espada Ligera', 80.2, False, NULL, NULL, NULL, NULL, 8, 44.1),
('Deseo Ponzoñoso', 5, 509, 'Espada Ligera', 70.5, True, NULL, NULL, NULL, NULL, 11, 45.9),
('Espada del Alba', 3, 401, 'Espada Ligera', 80.1, True, NULL, NULL, NULL, NULL, 10, 46.8),
('Rompemontañas', 5, 608, 'Espada Ligera', 80.5, False, NULL, NULL, NULL, NULL, 12, 49.6),
('Rugido del León', 4, 509, 'Espada Ligera', 75.2, False, NULL, NULL, NULL, NULL, 12, 41.3),
('Luz Lunar de Xifos', 4, 509, 'Espada Ligera', 70.2, True, NULL, NULL, NULL, NULL, 9, 165),
('Argento Estelar de las Nieves', 4, 564, 'Espada Pesada', NULL, NULL, 5.6, NULL, NULL, NULL, 13, 34.4),
('Espada del Tiempo', 4, 509, 'Espada Pesada', NULL, NULL, 5.0, NULL, NULL, NULL, 14, 41.3),
('Májaira Aguamarina', 4, 509, 'Espada Pesada', NULL, NULL, 6.0, NULL, NULL, NULL, 9, 165.0),
('Segadora de la Lluvia', 4, 509, 'Espada Pesada', NULL, NULL, 6.0, NULL, NULL, NULL, 9, 165.0),
('Médula de la Serpiente Marina', 4, 509, 'Espada Pesada', NULL, NULL, 7.0, NULL, NULL, NULL, 8, 27.5),
('Espada Real del Bosque', 4, 564, 'Espada Pesada', NULL, NULL, 8.0, NULL, NULL, NULL, 11, 30.6),
('Espada de la Desidia', 5, 608, 'Espada Pesada', NULL, NULL, 7.5, NULL, NULL, NULL, 12, 49.6),
('Emblema del Mar de Juncos', 5, 608, 'Espada Pesada', NULL, NULL, 8.0, NULL, NULL, NULL, 8, 33.0),
('Borla Blanca', 3, 401, 'Lanza', NULL, NULL, NULL, 'Inglesa', NULL, NULL, 8, 23.4),
('Alabarda', 3, 448, 'Lanza', NULL, NULL, NULL, 'Alemana', NULL, NULL, 12, 23.4),
('Lanza de Caza Real', 4, 564, 'Lanza', NULL, NULL, NULL, 'Frámea Merovingia', NULL, NULL, 12, 27.5),
('Púa Celestial', 5, 674, 'Lanza', NULL, NULL, NULL, 'Europea Funcional', NULL, NULL, 11, 36.7),
('Lanza del Duelo', 4, 454, 'Lanza', NULL, NULL, NULL, 'Inglesa', NULL, NULL, 8, 36.7),
('La Captura', 4, 509, 'Lanza', NULL, NULL, NULL, 'Europea Funcional', NULL, NULL, 11, 45.9),
('Lanza de Espinadragón', 4, 454, 'Lanza', NULL, NULL, NULL, 'Frámea Merovingia', NULL, NULL, 13, 68.9),
('Lanza Lítica', 4, 564, 'Lanza', NULL, NULL, NULL, 'Frámea Merovingia', NULL, NULL, 12, 27.5),
('Agitador del Relámpago', 5, 608, 'Arco', NULL, NULL, NULL, NULL, 'Crin de Caballo', NULL, 10, 66.1),
('Arco de Favonius', 4, 454, 'Arco', NULL, NULL, NULL, NULL, 'Lino Encerado', NULL, 11, 61.2),
('Arco de Cuervo', 3, 448, 'Arco', NULL, NULL, NULL, NULL, 'Catgut', NULL, 9, 93.0),
('Senda de la Cazadora', 5, 541, 'Arco', NULL, NULL, NULL, NULL, 'Algodon', NULL, 8, 44.1),
('Arco del Peñasco Oscuro', 4, 564, 'Arco', NULL, NULL, NULL, NULL, 'Catgut', NULL, 10, 36.7),
('Arco Real', 4, 509, 'Arco', NULL, NULL, NULL, NULL, 'Sedas', NULL, 12, 41.3),
('Vasalla del Rey', 4, 454, 'Arco', NULL, NULL, NULL, NULL, 'crin de caballo', NULL, 12, 40.0),
('Mensajero', 3, 448, 'Arco', NULL, NULL, NULL, NULL, 'Catgut', NULL, 10, 31.2),
('Ágata del Peñasco Oscuro', 4, 509, 'Catalizador', NULL, NULL, NULL, NULL, NULL, 'Ofensiva', 10, 55.1),
('Anillo de Hakushin', 4, 564, 'Catalizador', NULL, NULL, NULL, NULL, NULL, 'Soporte', 11, 30.6),
('Estrella Errabunda', 4, 509, 'Catalizador', NULL, NULL, NULL, NULL, NULL, 'Defensiva', 9, 165.0),
('Candado Terrenal', 5, 608, 'Catalizador', NULL, NULL, NULL, NULL, NULL, 'Ofensiva', 12, 49.6),
('Cuentos de Dodoco', 4, 454, 'Catalizador', NULL, NULL, NULL, NULL, NULL, 'Ofensiva', 12, 41.5),
('Frío Eterno', 4, 509, 'Catalizador', NULL, NULL, NULL, NULL, NULL, 'Ofensiva', 12, 41.3),
('Memorias de Sacrificios', 4, 454, 'Catalizador', NULL, NULL, NULL, NULL, NULL, 'Defensiva', 9, 220.0),
('Centelleo Jadecaído', 5, 608, 'Catalizador', NULL, NULL, NULL, NULL, NULL, 'Soporte', 14, 49.6);

INSERT INTO Elemento VALUES ('Anemo'), ('Pyro'), ('Cryo'), ('Geo'), ('Dendro'), ('Electro'), ('Hydro'), ('N/A');

INSERT INTO Region VALUES ('Fontaine', 'Focalors', 'Es una de las siete regiones de Teyvat. Es la ciudad-estado que rinde culto a Focalors, la Arconte Hydro.', 'Hydro'), 
('Liyue', 'Morax', 'Es una de las siete naciones de Teyvat. También es la ciudad-Estado que adora a Morax, el Arconte Geo.', 'Geo'), 
('Inazuma', 'Beelzebul', 'Es una de las siete naciones de Teyvat. Es una nación archipelágica que adora a Beelzebul, la Arconte Electro, quien a su vez dirige la Entidad Controladora local, el Shogunato de Inazuma.', 'Electro'),
('Mondstadt', 'Barbatos', 'Es una de las siete naciones de Teyvat, y es la primera en la que el Viajero empieza a buscar a su hermana perdida. Es la ciudad-estado que adora a Barbatos, el Arconte Anemo.', 'Anemo'),
('Sumeru', 'Reina Menor Kusanali', 'Es una de las sietes naciones de Teyvat. Es la ciudad-estado que adora a la Diosa de la Sabiduría, la Reina Menor Kusanali, la Arconte Dendro.', 'Dendro');

INSERT INTO RegionesInspiradas VALUES ('Fontaine', 'Francia'), 
('Liyue', 'China'),
('Inazuma', 'Japon'),
('Mondstadt', 'Alemania'),
('Sumeru', 'Oriente Próximo y la Antigua India');

INSERT INTO Comida VALUES ('Pescado salteado con mantequilla', 3, 'Mondstadt'),
('Carne Frita', 1, 'Liyue'),
('Gelatina de menta', 1, 'Mondstadt'),
('Filete a la barbacoa', 1, 'Liyue'),
('Sopa de frutos de jade', 3, 'Liyue'),
('Guisado de temporada', 2, 'Liyue'),
('Huevo frito de Teyvat', 1, 'Inazuma'),
('Biryani', 4, 'Sumeru'),
('Brotes de bambú hervidos', 2, 'Inazuma'),
('Arroz de Aaru', 2, 'Sumeru'),
('Delito: Procesamiento Innecesario', 3, 'Fontaine'),
('Tayín fuegoáureo', 3, 'Sumeru'),
('Para Foçalors', 3, 'Fontaine'),
('Ramen de carne', 3, 'Inazuma'),
('Fideos con delicias de montaña', 2, 'Liyue'),
('Pollo rockero', 2, 'Liyue'),
('Ensalada saludable', 2, 'Mondstadt'),
('Döner kebab', 3, 'Sumeru'),
('Tahchín', 3, 'Sumeru'),
('Jugo de gancho de lobo', 2, 'Mondstadt'),
('Tayín áureo', 3, 'Sumeru'),
('Torre de Ludi', 3, 'Mondstadt'),
('Paz universal', 3, 'Liyue'),
('Fish and chips', 3, 'Fontaine'),
('Fatteh', 2, 'Sumeru'),
('Cerdo char siu', 1, 'Liyue'),
('Plato de carnes frías', 3, 'Liyue'),
('Érase una vez en Mondstadt', 3, 'Mondstadt'),
('Comida felina revitalizante', 3, 'Inazuma'),
('Brocheta de champiñones y pollo', 1, 'Liyue'),
('Pizza de champiñones', 3, 'Mondstadt'),
('Trucha con almendras', 1, 'Fontaine'),
('Pescado a la parrilla de Mondstadt', 1, 'Mondstadt'),
('Sopa de cebolla', 2, 'Fontaine'),
('Pastelillo de luna', 4, 'Mondstadt'),
('Pescado seco estofado', 1, 'Inazuma'),
('Golosinas de frutas', 3, 'Fontaine'),
('Tostada del pescador', 2, 'Liyue'),
('Estofado de carne de Sabz', 3, 'Sumeru'),
('Onigiri', 2, 'Inazuma'),
('Pollo con mantequilla', 3, 'Sumeru'),
('Caracolas de cristal', 3, 'Fontaine'),
('Pasta a la boloñesa', 2, 'Mondstadt');

INSERT INTO Concede VALUES ('Pescado salteado con mantequilla', 30), 
('Carne Frita', 16), 
('Gelatina de menta', 16), 
('Filete a la barbacoa', 16), 
('Sopa de frutos de jade', 28), 
('Guisado de temporada', 19), 
('Huevo frito de Teyvat', 16), 
('Pollo rockero', 8), 
('Arroz de Aaru', 19), 
('Delito: Procesamiento Innecesario', 28), 
('Fideos con delicias de montaña', 19), 
('Onigiri', 16), 
('Estofado de carne de Sabz', 16), 
('Döner kebab', 14), 
('Golosinas de frutas', 10), 
('Pescado seco estofado', 14), 
('Pastelillo de luna', 30), 
('Sopa de cebolla', 15), 
('Pescado a la parrilla de Mondstadt', 16), 
('Trucha con almendras', 14), 
('Pizza de champiñones', 16), 
('Brocheta de champiñones y pollo', 16), 
('Brotes de bambú hervidos', 15), 
('Érase una vez en Mondstadt', 10), 
('Plato de carnes frías', 13), 
('Cerdo char siu', 16), 
('Fatteh', 16), 
('Fish and chips', 19), 
('Paz universal', 16), 
('Torre de Ludi', 8), 
('Tayín áureo', 16), 
('Jugo de gancho de lobo', 12), 
('Tahchín', 18), 
('Ramen de carne', 16), 
('Para Foçalors', 16), 
('Biryani', 15), 
('Tostada del pescador', 18), 
('Caracolas de cristal', 28), 
('Pollo con mantequilla', 17),
('Comida felina revitalizante', 16), 
('Pasta a la boloñesa', 14);


INSERT INTO Habilidad VALUES 
('Abiogenesis: Solar Isotoma', 'Elemental', 130.4),
('Rite of Progeniture: Tectonic Tide', 'Definitiva', 367.2),
('Frozen Wilds', 'Elemental', 177.6),
('Prophecies of Dawn', 'Definitiva', 359.2),
('Explosive Puppet', 'Elemental', 41.4),
('Fiery Rain', 'Definitiva', 28.1),
('Universal Diagnosis', 'Elemental', 79.2),
('Holistic Revivification', 'Definitiva', 80.0),
('Let the Show Begin', 'Elemental', 40.0),
('Shining Miracle', 'Definitiva', 108.0),
('Tidecaller', 'Elemental', 74.4),
('Stormbreaker', 'Definitiva', 122.0),
('Passion Overload', 'Elemental', 137.6),
('Fantastic Voyage', 'Definitiva', 232.8),
('Sacred Rite: Herons Sanctum', 'Elemental', 32.0),
('Sacred Rite: Wagtails Tide', 'Definitiva', 46.6),
('Framing: Freezing Point Composition', 'Elemental', 67.2),
('Still Photo: Comprehensive Confirmation', 'Definitiva', 256.6),
('Short-Range Rapid Interdiction Fire', 'Elemental', 115.2),
('Ring of Bursting Grenades', 'Definitiva', 368.2),
('Spirit Blade: Chonghuas Layered Frost', 'Elemental', 172.0),
('Spirit Blade: Cloud-Parting Star', 'Definitiva', 142.4),
('Floral Brush', 'Elemental', 152.0),
('Trump-Card Kitty', 'Definitiva', 201.8),
('Secret Rite: Chasmic Soulfarer', 'Elemental', 130.4),
('Sacred Rite: Wolfs Swiftness', 'Definitiva', 78.3),
('Molten Inferno', 'Elemental', 112.9),
('Leonine Bite', 'Definitiva', 98.7),
('Searing Onslaught', 'Elemental', 94.4),
('Dawn', 'Definitiva', 204.0),
('Icy Paws', 'Elemental', 42.0),
('Signature Mix', 'Definitiva', 80.0),
('Spirit-Warding Lamp: Troubleshooter Cannon', 'Elemental', 147.3),
('Alcazarzarays Exactitude', 'Definitiva', 35.9),
('Icetide Vortex', 'Elemental', 146.4),
('Glacial Illumination', 'Definitiva', 245.6),
('Nightrider', 'Elemental', 88.8),
('Midnight Phantasmagoria', 'Definitiva', 208.0),
('Salon Solitaire', 'Elemental', 40.5),
('Let the People Rejoice', 'Definitiva', 30.0),
('Bestial Ascent', 'Elemental', 230.4),
('Suannis Gilded Dance', 'Definitiva', 370.4),
('Trail of the Qilin', 'Elemental', 120.0),
('Celestial Shower', 'Definitiva', 70.3),
('Inuzaka All-Round Defense', 'Elemental', 107.2),
('Juuga: Forward Unto Victory', 'Definitiva', 98.2),
('Gale Blade', 'Elemental', 292.0),
('Dandelion Breeze', 'Definitiva', 424.8),
('Frostgnaw', 'Elemental', 191.2),
('Glacial Waltz', 'Definitiva', 77.6),
('Artistic Ingenuity', 'Elemental', 204.0),
('Painted Dome', 'Definitiva', 160.0),
('Meow-teor Kick', 'Elemental', 104.0),
('Secret Art: Surprise Dispatch', 'Definitiva', 570.2),
('Jumpy Dumpty', 'Elemental', 95.2),
('Sparks n Splash', 'Definitiva', 42.6),
('Violet Arc', 'Elemental', 320.0),
('Lightning Rose', 'Definitiva', 36.6),
('Enigmatic Feint', 'Elemental', 268.0),
('Magic Trick: Astonishing Shift', 'Definitiva', 83.2),
('Bewildering Lights', 'Elemental', 167.2),
('Wondrous Trick: Miracle Parade', 'Definitiva', 154.0);


INSERT INTO Personaje VALUES 
('Albedo','Jefe Alquimista','Geo','Jugable','Princeps Cretaceus',5,'Espada Ligera',19,NULL,68,1029,'Mondstadt','Aquila Favonia',5, 7.2, 'Abiogenesis: Solar Isotoma','Rite of Progeniture: Tectonic Tide',NULL),
('Aloy','La Salvadora de Otro Mundo','Cryo','Jugable','Nora Fortis',5,'Arco',18,NULL,52,848, NULL, 'Arco del Peñasco Oscuro',4, 7.2, 'Frozen Wilds', 'Prophecies of Dawn',NULL),
('Amber','Campeona de vuelo','Pyro','Jugable','Lepus',4,'Arco',18,NULL,50,793,'Mondstadt','Agitador del Relámpago',12,NULL,'Explosive Puppet','Fiery Rain',NULL),
('Baizhu','El Trasgresor de lo Mortal','Dendro','Jugable','Lagenaria',5,'Catalizador',14,NULL,38,1039,'Liyue', 'Ágata del Peñasco Oscuro', 14, NULL, 'Universal Diagnosis','Holistic Revivification',NULL),
('Barbara','Ídolo Radiante','Hydro','Jugable','Crater',4,'Catalizador',13,NULL,56,820,'Mondstadt','Anillo de Hakushin', 14, NULL, 'Let the Show Begin','Shining Miracle',NULL),
('Beidou','Reina del Océano sin Corona','Electro','Jugable','Victor Mare',4,'Espada Pesada',18,NULL,54,1094,'Liyue','Argento Estelar de las Nieves', 2, NULL,'Tidecaller','Stormbreaker',NULL),
('Bennett','Líder de la Brigada de Benny','Pyro','Jugable','Rota Calamitas',4,'Espada Ligera',16,NULL,64,1039,'Mondstadt','Cortador de Jade Primordial', 11, NULL,'Passion Overload','Fantastic Voyage',NULL),
('Candace','Custodia de la Aldea Aaru','Hydro','Jugable','Sagitta Scutum',4,'Lanza',17,NULL,57,911,'Sumeru','Alabarda', 14, NULL, 'Sacred Rite: Herons Sanctum','Sacred Rite: Wagtails Tide',NULL),
('Charlotte','Reportera de El Pájaro de Vapor','Cryo','Jugable','Hualina Veritas',4,'Catalizador',14,NULL,45,902,'Fontaine','Estrella Errabunda', 12, NULL, 'Framing: Freezing Point Composition','Still Photo: Comprehensive Confirmation',NULL),
('Chevreuse','Capitana de la Unidad Especial de Seguridad y Vigilancia','Pyro','Jugable','Sclopetum Ensiferum',4,'Lanza',16,NULL,50,1002,'Fontaine','La Captura', 14, NULL,'Short-Range Rapid Interdiction Fire','Ring of Bursting Grenades',NULL),
('Chongyun','Desterrador del mal y los rumores sobre el mismo','Cryo','Jugable','Nubis Caesor',4,'Espada Pesada',18,NULL,54,920,'Liyue','Espada del Tiempo', 12, NULL, 'Spirit Blade: Chonghuas Layered Frost','Spirit Blade: Cloud-Parting Star',NULL),
('Collei','Guardabosques en prácticas del Bosque Avidya','Dendro','Jugable','Leptailurus Cervarius',4,'Arco',16,NULL,50,820,'Sumeru','Arco de Favonius', 12, NULL, 'Floral Brush','Trump-Card Kitty',NULL),
('Cyno','El Magistrado de lo Arcano','Electro','Jugable','Lupus Aureus',5,'Lanza',24,NULL,66,972,'Sumeru','Lanza del Duelo', 10, NULL,'Secret Rite: Chasmic Soulfarer','Sacred Rite: Wolfs Swiftness',NULL),
('Dehya','La Leona Ardiente','Pyro','Jugable','Mantichora',5,'Espada Pesada',20,NULL,48,1220,'Sumeru','Májaira Aguamarina', 14, NULL, 'Molten Inferno', 'Leonine Bite', NULL),
('Diluc','Dueño del Viñedo del Amanecer','Pyro','Jugable','Noctua',5,'Espada Pesada',26,NULL,61,1010,'Mondstadt','Segadora de la Lluvia', 8, NULL,'Searing Onslaught','Dawn', NULL),
('Diona','La Cantinera Felina','Cryo','Jugable','Feles',4,'Arco',17,3,50,802,'Mondstadt','Arco del Peñasco Oscuro', 4, NULL, 'Icy Paws', 'Signature Mix', NULL),
('Dori','La Magnate Acaudalada','Electro','Jugable','Magicae Lucerna',4,'Espada Pesada',18,4,60,1039,'Sumeru','Médula de la Serpiente Marina', 14, NULL,'Spirit-Warding Lamp: Troubleshooter Cannon','Alcazarzarays Exactitude',NULL),
('Eula','Caballera de la Marea','Cryo','Jugable','Aphros Delos',5,'Espada Pesada',26,NULL,58,1029,'Mondstadt','Espada Real del Bosque', 10, NULL, 'Icetide Vortex','Glacial Illumination',NULL),
('Fischl','La Princesa del Juicio','Electro','Jugable','Corvus',4,'Arco',20,3,49,770,'Mondstadt','Mensajero', 12, NULL, 'Nightrider', 'Midnight Phantasmagoria', NULL),
('Furina','La Bailarina Incansable','Hydro','Jugable','Animula Choragi',5,'Espada Ligera',18,4,54,1191,'Fontaine','Luz Lunar de Xifos', 8, NULL, 'Salon Solitaire','Let the People Rejoice',NULL),
('Gaming','El Vigía Leonino','Pyro','Jugable','Leo Expergiscens',4,'Espada Pesada',25,1,58,957,'Liyue','Espada de la Desidia', 12, NULL, 'Bestial Ascent','Suannis Gilded Dance', NULL),
('Ganyu','La Vigía del Plenilunio','Cryo','Jugable','Sinae Unicornis',5,'Arco',26,5,49,762,'Liyue','Arco Real', 10, NULL, 'Trail of the Qilin','Celestial Shower', NULL),
('Gorou','El General Canino','Geo','Jugable','Canis Bellatoris',4,'Arco',15,NULL,54,802,'Inazuma','Arco de Cuervo', 5, NULL, 'Inuzaka All-Round Defense', 'Juuga: Forward Unto Victory',NULL),
('Jean','Caballera de Dandelion','Anemo','Jugable','Leo Menor',5,'Espada Ligera',18,5,59,1143,'Mondstadt','Rugido del León', 28, NULL, 'Gale Blade', 'Dandelion Breeze', NULL),
('Kaeya','Capitán de Caballería','Cryo','Jugable','Pavo Ocellus',4,'Espada Ligera',18,2,66,975,'Mondstadt','Rompemontañas', 11, NULL, 'Frostgnaw', 'Glacial Waltz', NULL),
('Kaveh','El Espejo del Empíreo','Dendro','Jugable','Paradisaea',4,'Espada Pesada',19,2,62,1002,'Sumeru','Emblema del Mar de Juncos', 9, NULL, 'Artistic Ingenuity', 'Painted Dome', NULL),
('Kirara','La Gata en los Aleros','Dendro','Jugable','Arcella',4,'Espada Ligera',18,NULL,45,1021,'Inazuma','Espada del Alba', 14, NULL,'Meow-teor Kick','Secret Art: Surprise Dispatch',NULL),
('Klee','Caballero Chispeante','Pyro','Jugable','Trifolium',5,'Catalizador',24,2,47,800,'Mondstadt','Candado Terrenal', 1, NULL, 'Jumpy Dumpty', 'Sparks n Splash', NULL),
('Lisa','Bruja de las Rosas','Electro','Jugable','Tempus Fugit',4,'Catalizador',19,3,48,802,'Mondstadt','Frío Eterno', 9, NULL, 'Violet Arc', 'Lightning Rose', NULL),
('Lynette','La Elegancia de las Sombras','Anemo','Jugable','Felis Alba',4,'Espada Ligera',19,4,59,1039,'Fontaine','Deseo Ponzoñoso', 7, NULL, 'Enigmatic Feint', 'Magic Trick: Astonishing Shift',NULL),
('Lyney', 'El Mago de la Fantasmagoría', 'Pyro', 'Jugable', 'Felis Fuscus', 5, 'Arco', 24, NULL, 41, 857, 'Fontaine', 'Vasalla del Rey', 1, NULL, 'Bewildering Lights', 'Wondrous Trick: Miracle Parade',NULL),
('Arlecchino','La Sota','Pyro','No Jugable',NULL,NULL,NULL,NULL,NULL,NULL,NULL,NULL,NULL,NULL,NULL,NULL,NULL,NULL),
('Scaramuccia','El Baladista','Electro','No Jugable',NULL,NULL,NULL,NULL,NULL,NULL,NULL,'Inazuma',NULL,NULL,NULL,NULL,NULL,NULL),
('Dottore','El Doctor','N/A','No Jugable',NULL,NULL,NULL,NULL,NULL,NULL,NULL,NULL,NULL,NULL,NULL,NULL,NULL,NULL),
('Guizhong','Diosa de la Arena','N/A','No Jugable',NULL,NULL,NULL,NULL,NULL,NULL,NULL,'Liyue',NULL,NULL,NULL,NULL,NULL,NULL),
('Colombina','La Damisela', 'N/A','No Jugable',NULL,NULL,NULL,NULL,NULL,NULL,NULL, NULL,NULL,NULL,NULL,NULL,NULL,NULL),
('Ahangar','Herrero','N/A','No Jugable',NULL,NULL,NULL,NULL,NULL,NULL,NULL,'Sumeru',NULL,NULL,NULL,NULL,NULL,NULL),
('Fierro','Minero','N/A','No Jugable',NULL,NULL,NULL,NULL,NULL,NULL,NULL,'Liyue',NULL,NULL,NULL,NULL,NULL,NULL),
('Elzer','Director del Gremio de Productores de Vino','N/A','No Jugable',NULL,NULL,NULL,NULL,NULL,NULL,NULL,'Mondstadt',NULL,NULL,NULL,NULL,NULL,NULL),
('Bruce','Caballero de Favonius','N/A','No Jugable',NULL,NULL,NULL,NULL,NULL,NULL,NULL,'Mondstadt',NULL,NULL,NULL,NULL,NULL,NULL),
('Blanche','Dependienta de la Boutique de Mondstadt','N/A','No Jugable',NULL,NULL,NULL,NULL,NULL,NULL,NULL,'Mondstadt',NULL,NULL,NULL,NULL,NULL,NULL);

INSERT INTO Ingiere VALUES ('Albedo', 'Pescado salteado con mantequilla'), ('Aloy', 'Gelatina de menta'), ('Amber', 'Filete a la barbacoa'),
('Baizhu', 'Sopa de frutos de jade'), ('Barbara', 'Guisado de temporada'), ('Beidou', 'Carne Frita'), ('Bennett', 'Huevo frito de Teyvat'),
('Candace', 'Arroz de Aaru'), ('Charlotte', 'Fish and chips'), ('Chevreuse', 'Delito: Procesamiento Innecesario'), ('Chongyun', 'Fideos con delicias de montaña'),
('Collei', 'Döner kebab'), ('Cyno', 'Tahchín'), ('Dehya', 'Tayín áureo'), ('Diluc', 'Torre de Ludi'), ('Diona', 'Pescado a la parrilla de Mondstadt'),
('Dori', 'Pollo con mantequilla'), ('Eula', 'Pastelillo de luna'), ('Fischl', 'Plato de carnes frías'), ('Furina', 'Para Foçalors'), 
('Gaming', 'Cerdo char siu'), ('Ganyu', 'Paz universal'), ('Gorou', 'Ramen de carne'), ('Jean', 'Pizza de champiñones'), ('Kaeya', 'Brocheta de champiñones y pollo'),
('Kaveh', 'Fatteh'), ('Kirara', 'Comida felina revitalizante'), ('Klee', 'Tostada del pescador'), ('Lisa', 'Pasta a la boloñesa'), 
('Lynette', 'Caracolas de cristal'), ('Lyney', 'Golosinas de frutas');

INSERT INTO AbismoAbisal VALUES (1, '2024-04-1 00:00:00'),  
(2, '2024-04-16 00:00:00'),  
(3, '2024-05-1 00:00:00');

-- id,  idAbismo,  tipo,  promEstrellas,  efecto,  magnitud
-- QUEDAN PENDIENTES EFECTO Y MAGNITUD
INSERT INTO Piso VALUES (1, 1, 'Regular', NULL, 14, 1), 
(1, 2, 'Regular', NULL, 2, 2), 
(1, 3, 'Regular', NULL, 1, 3), 
(2, 1, 'Regular', NULL, 3, 4), 
(2, 2, 'Regular', NULL, 4, 5), 
(2, 3, 'Regular', NULL, 8, 1), 
(3, 1, 'Regular', NULL, 25, 2), 
(3, 2, 'Regular', NULL, 10, 3), 
(3, 3, 'Regular', NULL, 11, 5), 
(4, 1, 'Regular', NULL, 12, 6), 
(4, 2, 'Regular', NULL, 13, 7), 
(4, 3, 'Regular', NULL, 15, 9), 
(5, 1, 'Regular', NULL, 17, 10), 
(5, 2, 'Regular', NULL, 7, 4), 
(5, 3, 'Regular', NULL, 8, 20), 
(6, 1, 'Regular', NULL, 9, 6), 
(6, 2, 'Regular', NULL, 16, 8), 
(6, 3, 'Regular', NULL, 18, 10), 
(7, 1, 'Regular', NULL, 20, 9), 
(7, 2, 'Regular', NULL, 4, 5), 
(7, 3, 'Regular', NULL, 3, 6), 
(8, 1, 'Regular', NULL, 10, 7), 
(8, 2, 'Regular', NULL, 6, 8), 
(8, 3, 'Regular', NULL, 24, 10), 
(9, 1, 'Cambiante', '2.40 estrellas', 25, 10), 
(9, 2, 'Cambiante', '0.10 estrellas', 12, 3), 
(9, 3, 'Cambiante', '6.40 estrellas', 13, 5), 
(10, 1, 'Cambiante', '0.70 estrellas', 16, 8), 
(10, 2, 'Cambiante', '7.90 estrellas', 19, 20), 
(10, 3, 'Cambiante', '1.90 estrellas', 6, 16), 
(11, 1, 'Cambiante', '4.20 estrellas', 4, 10), 
(11, 2, 'Cambiante', '2.20 estrellas', 8, 12), 
(11, 3, 'Cambiante', '1.30 estrellas', 9, 13), 
(12, 1, 'Cambiante', '6.10 estrellas', 26, 14), 
(12, 2, 'Cambiante', '2.50 estrellas', 20, 15), 
(12, 3, 'Cambiante', '3.90 estrellas', 21, 16);

-- Preguntar como deberían funcionar las salas
INSERT INTO Sala VALUES (1,1,1),
(1,1,2),
(1,1,3),
(1,2,1),
(1,2,2),
(1,2,3),
(1,3,1),
(1,3,2),
(1,3,3),
(1,4,1),
(1,4,2),
(1,4,3),
(1,5,1),
(1,5,2),
(1,5,3),
(1,6,1),
(1,6,2),
(1,6,3),
(1,7,1),
(1,7,2),
(1,7,3),
(1,8,1),
(1,8,2),
(1,8,3),
(1,9,1),
(1,9,2),
(1,9,3),
(1,10,1),
(1,10,2),
(1,10,3),
(1,11,1),
(1,11,2),
(1,11,3),
(1,12,1),
(1,12,2),
(1,12,3),
(2,1,1),
(2,1,2),
(2,1,3),
(2,2,1),
(2,2,2),
(2,2,3),
(2,3,1),
(2,3,2),
(2,3,3),
(2,4,1),
(2,4,2),
(2,4,3),
(2,5,1),
(2,5,2),
(2,5,3),
(2,6,1),
(2,6,2),
(2,6,3),
(2,7,1),
(2,7,2),
(2,7,3),
(2,8,1),
(2,8,2),
(2,8,3),
(2,9,1),
(2,9,2),
(2,9,3),
(2,10,1),
(2,10,2),
(2,10,3),
(2,11,1),
(2,11,2),
(2,11,3),
(2,12,1),
(2,12,2),
(2,12,3),
(3,1,1),
(3,1,2),
(3,1,3),
(3,2,1),
(3,2,2),
(3,2,3),
(3,3,1),
(3,3,2),
(3,3,3),
(3,4,1),
(3,4,2),
(3,4,3),
(3,5,1),
(3,5,2),
(3,5,3),
(3,6,1),
(3,6,2),
(3,6,3),
(3,7,1),
(3,7,2),
(3,7,3),
(3,8,1),
(3,8,2),
(3,8,3),
(3,9,1),
(3,9,2),
(3,9,3),
(3,10,1),
(3,10,2),
(3,10,3),
(3,11,1),
(3,11,2),
(3,11,3),
(3,12,1),
(3,12,2),
(3,12,3);

INSERT INTO Enemigo VALUES ('Fatui Pyro Agent', 'Enemigo de élite', 365, 300, 'Pyro'),
('Treasure Hoarders: Crusher', 'Enemigo Normal', 146, 60, 'N/A'),
('Hydro Hypostasis', 'Jefe', 656, 600, 'Hydro'),
('Geo Hypostasis', 'Jefe', 510, 600, 'Geo'),
('Thundercraven Rifthound', 'Enemigo de élite', 514, 180, 'Electro'),
('Dendro Samachurl', 'Enemigo Normal', 73, 90, 'Dendro'),
('Arithmetic Enhancer Mek', 'Enemigo Normal', 2790, 120, 'N/A'),
('Cryo Abyss Mage', 'Enemigo Normal', 146, 150, 'Cryo'),
('Abyss Herald: Frost Fall', 'Enemigo de élite', 583, 480, 'Cryo'),
('Blazing Axe Mitachurl', 'Enemigo de élite', 219, 200, 'Pyro'),
('Primal Construct: Reshaper', 'Enemigo de élite', 250, 360, 'N/A'),
('Anemo Samachurl', 'Enemigo Normal', 73, 90, 'Anemo'),
('Cryo Regisvine', 'Jefe', 510, 600, 'Cryo'),
('Fatui Electro Cicin Mage', 'Enemigo de élite', 365, 240, 'Electro'),
('Pyro Abyss Mage', 'Enemigo Normal', 146, 150, 'Pyro'),
('Cryo Whopperflower', 'Enemigo Normal', 219, 120, 'Cryo'),
('Electro Whopperflower', 'Enemigo Normal', 219, 120, 'Electro'),
('Anemo Hypostasis', 'Jefe', 510, 600, 'Anemo'),
('Large Geo Slime', 'Enemigo Normal', 146, 180, 'Geo'),
('Millennial Pearl Seahorse', 'Jefe', 808, 720, 'Hydro'),
('Ruin Guard', 'Enemigo de élite', 510, 240, 'N/A'),
('Pyro Whopperflower', 'Enemigo Normal', 219, 120, 'Pyro'),
('Ruin Drake: Skywatch', 'Enemigo de élite', 367, 300, 'Pyro'),
('Cryo Samachurl', 'Enemigo Normal', 73, 90, 'Cryo'),
('Large Pyro Slime', 'Enemigo Normal', 146, 180, 'Pyro'),
('Hydro Samachurl', 'Enemigo Normal', 73, 90, 'Hydro'),
('Geo Hypostasis', 'Jefe', 510, 600, 'Geo'),
('Cryo Hilichurl Shooter', 'Enemigo Normal', 58, 90, 'Cryo'),
('Electro Hilichurl Shooter', 'Enemigo Normal', 58, 90, 'Electro'),
('Anemo Hilichurl Rogue', 'Enemigo de élite', 367, 180, 'Anemo'),
('Treasure Hoarders: Pyro Potioneer', 'Enemigo Normal', 117, 60, 'Pyro'),
('Electro Hypostasis', 'Jefe', 510, 600, 'Electro'),
('Cryo Cicin', 'Enemigo Normal', 36, 120, 'Cryo'),
('Thunderhelm Lawachurl', 'Enemigo de élite', 656, 210, 'Electro'),
('Large Dendro Slime', 'Enemigo Normal', 8000, 180, 'Dendro'),
('Ruin Grader', 'Enemigo de élite', 656, 270, 'N/A'),
('Hydro Cicin', 'Enemigo Normal', 36, 120, 'Hydro'),
('Wooden Shield Hilichurl Guard', 'Enemigo Normal', 73, 90, 'N/A'),
('Dendro Hypostasis', 'Jefe', 656, 600, 'Dendro'),
('Treasure Hoarders: Electro Potioneer', 'Enemigo Normal', 117, 60, 'Electro'),
('Pyro Hilichurl Shooter', 'Enemigo Normal', 58, 90, 'Pyro');


-- PREGUNTAR 
INSERT INTO Incluye VALUES ('Electro Hypostasis', 1, 1, 1, 7), 
('Hydro Samachurl', 1, 1, 1, 3), 
('Cryo Samachurl', 1, 1, 1, 1), 

('Electro Hypostasis', 1, 1, 2, 7), 
('Hydro Samachurl', 1, 1, 2, 3), 
('Cryo Samachurl', 1, 1, 2, 1), 

('Electro Hypostasis', 1, 1, 3, 7), 
('Hydro Samachurl', 1, 1, 3, 3), 
('Cryo Samachurl', 1, 1, 3, 1), 

('Cryo Cicin', 1, 2, 1, 6), 
('Thunderhelm Lawachurl', 1, 2, 1, 5), 
('Cryo Whopperflower', 1, 2, 1, 4), 

('Cryo Cicin', 1, 2, 2, 6), 
('Thunderhelm Lawachurl', 1, 2, 2, 5), 
('Cryo Whopperflower', 1, 2, 2, 4), 

('Cryo Cicin', 1, 2, 3, 6), 
('Thunderhelm Lawachurl', 1, 2, 3, 5), 
('Cryo Whopperflower', 1, 2, 3, 4), 

('Cryo Samachurl', 1, 3, 1, 3), 
('Large Pyro Slime', 1, 3, 1, 9), 
('Geo Hypostasis', 1, 3, 1, 8), 

('Cryo Samachurl', 1, 3, 2, 3), 
('Large Pyro Slime', 1, 3, 2, 9), 
('Geo Hypostasis', 1, 3, 2, 8), 

('Cryo Samachurl', 1, 3, 3, 3), 
('Large Pyro Slime', 1, 3, 3, 9), 
('Geo Hypostasis', 1, 3, 3, 8), 

('Cryo Whopperflower', 1, 4, 1, 6), 
('Electro Hilichurl Shooter', 1, 4, 1, 3), 
('Anemo Samachurl', 1, 4, 1, 5), 

('Cryo Whopperflower', 1, 4, 2, 6), 
('Electro Hilichurl Shooter', 1, 4, 2, 3), 
('Anemo Samachurl', 1, 4, 2, 5), 

('Cryo Whopperflower', 1, 4, 3, 6), 
('Electro Hilichurl Shooter', 1, 4, 3, 3), 
('Anemo Samachurl', 1, 4, 3, 5), 

('Hydro Samachurl', 1, 5, 1, 2), 
('Pyro Whopperflower', 1, 5, 1, 4), 
('Arithmetic Enhancer Mek', 1, 5, 1, 8), 

('Hydro Samachurl', 1, 5, 2, 2), 
('Pyro Whopperflower', 1, 5, 2, 4), 
('Arithmetic Enhancer Mek', 1, 5, 2, 8), 

('Hydro Samachurl', 1, 5, 3, 2), 
('Pyro Whopperflower', 1, 5, 3, 4), 
('Arithmetic Enhancer Mek', 1, 5, 3, 8), 

('Anemo Samachurl', 1, 6, 1, 3), 
('Hydro Hypostasis', 1, 6, 1, 10), 
('Dendro Hypostasis', 1, 6, 1, 8), 

('Anemo Samachurl', 1, 6, 2, 3), 
('Hydro Hypostasis', 1, 6, 2, 10), 
('Dendro Hypostasis', 1, 6, 2, 8), 

('Anemo Samachurl', 1, 6, 3, 3), 
('Hydro Hypostasis', 1, 6, 3, 10), 
('Dendro Hypostasis', 1, 6, 3, 8), 

('Fatui Electro Cicin Mage', 1, 7, 1, 6), 
('Abyss Herald: Frost Fall', 1, 7, 1, 1), 
('Millennial Pearl Seahorse', 1, 7, 1, 6), 

('Fatui Electro Cicin Mage', 1, 7, 2, 6), 
('Abyss Herald: Frost Fall', 1, 7, 2, 1), 
('Millennial Pearl Seahorse', 1, 7, 2, 6), 

('Fatui Electro Cicin Mage', 1, 7, 3, 6), 
('Abyss Herald: Frost Fall', 1, 7, 3, 1), 
('Millennial Pearl Seahorse', 1, 7, 3, 6), 

('Dendro Hypostasis', 1, 8, 1, 5), 
('Electro Hypostasis', 1, 8, 1, 9), 
('Hydro Samachurl', 1, 8, 1, 8), 

('Dendro Hypostasis', 1, 8, 2, 5), 
('Electro Hypostasis', 1, 8, 2, 9), 
('Hydro Samachurl', 1, 8, 2, 8), 

('Dendro Hypostasis', 1, 8, 3, 5), 
('Electro Hypostasis', 1, 8, 3, 9), 
('Hydro Samachurl', 1, 8, 3, 8), 

('Hydro Samachurl', 1, 9, 1, 9), 
('Anemo Hypostasis', 1, 9, 1, 8), 
('Treasure Hoarders: Crusher', 1, 9, 1, 5), 

('Ruin Guard', 1, 9, 2, 8), 
('Fatui Pyro Agent', 1, 9, 2, 4), 
('Anemo Hilichurl Rogue', 1, 9, 2, 9), 

('Arithmetic Enhancer Mek', 1, 9, 3, 9), 
('Anemo Hilichurl Rogue', 1, 9, 3, 10), 
('Hydro Hypostasis', 1, 9, 3, 7), 

('Electro Whopperflower', 1, 10, 1, 7), 
('Cryo Whopperflower', 1, 10, 1, 3), 
('Thundercraven Rifthound', 1, 10, 1, 8), 

('Large Dendro Slime', 1, 10, 2, 1), 
('Dendro Samachurl', 1, 10, 2, 9), 
('Cryo Hilichurl Shooter', 1, 10, 2, 7), 

('Ruin Drake: Skywatch', 1, 10, 3, 9), 
('Large Dendro Slime', 1, 10, 3, 9), 
('Arithmetic Enhancer Mek', 1, 10, 3, 3), 

('Thundercraven Rifthound', 1, 11, 1, 1), 
('Treasure Hoarders: Pyro Potioneer', 1, 11, 1, 3), 
('Hydro Cicin', 1, 11, 1, 1), 

('Thunderhelm Lawachurl', 1, 11, 2, 2), 
('Fatui Electro Cicin Mage', 1, 11, 2, 9), 
('Primal Construct: Reshaper', 1, 11, 2, 5), 

('Anemo Hypostasis', 1, 11, 3, 5), 
('Fatui Pyro Agent', 1, 11, 3, 8), 
('Blazing Axe Mitachurl', 1, 11, 3, 4), 

('Cryo Hilichurl Shooter', 1, 12, 1, 9), 
('Pyro Whopperflower', 1, 12, 1, 7), 
('Fatui Electro Cicin Mage', 1, 12, 1, 1), 

('Primal Construct: Reshaper', 1, 12, 2, 9), 
('Wooden Shield Hilichurl Guard', 1, 12, 2, 2), 
('Large Dendro Slime', 1, 12, 2, 9), 

('Geo Hypostasis', 1, 12, 3, 6), 
('Primal Construct: Reshaper', 1, 12, 3, 6), 
('Anemo Samachurl', 1, 12, 3, 1), 

('Electro Hypostasis', 2, 1, 1, 7), 
('Hydro Samachurl', 2, 1, 1, 3), 
('Cryo Samachurl', 2, 1, 1, 1), 

('Electro Hypostasis', 2, 1, 2, 7), 
('Hydro Samachurl', 2, 1, 2, 3), 
('Cryo Samachurl', 2, 1, 2, 1), 

('Electro Hypostasis', 2, 1, 3, 7), 
('Hydro Samachurl', 2, 1, 3, 3), 
('Cryo Samachurl', 2, 1, 3, 1), 

('Cryo Cicin', 2, 2, 1, 6), 
('Thunderhelm Lawachurl', 2, 2, 1, 5), 
('Cryo Whopperflower', 2, 2, 1, 4), 

('Cryo Cicin', 2, 2, 2, 6), 
('Thunderhelm Lawachurl', 2, 2, 2, 5), 
('Cryo Whopperflower', 2, 2, 2, 4), 

('Cryo Cicin', 2, 2, 3, 6), 
('Thunderhelm Lawachurl', 2, 2, 3, 5), 
('Cryo Whopperflower', 2, 2, 3, 4), 

('Cryo Samachurl', 2, 3, 1, 3), 
('Large Pyro Slime', 2, 3, 1, 9), 
('Geo Hypostasis', 2, 3, 1, 8), 

('Cryo Samachurl', 2, 3, 2, 3), 
('Large Pyro Slime', 2, 3, 2, 9), 
('Geo Hypostasis', 2, 3, 2, 8), 

('Cryo Samachurl', 2, 3, 3, 3), 
('Large Pyro Slime', 2, 3, 3, 9), 
('Geo Hypostasis', 2, 3, 3, 8), 

('Cryo Whopperflower', 2, 4, 1, 6), 
('Electro Hilichurl Shooter', 2, 4, 1, 3), 
('Anemo Samachurl', 2, 4, 1, 5), 

('Cryo Whopperflower', 2, 4, 2, 6), 
('Electro Hilichurl Shooter', 2, 4, 2, 3), 
('Anemo Samachurl', 2, 4, 2, 5), 

('Cryo Whopperflower', 2, 4, 3, 6), 
('Electro Hilichurl Shooter', 2, 4, 3, 3), 
('Anemo Samachurl', 2, 4, 3, 5), 

('Hydro Samachurl', 2, 5, 1, 2), 
('Pyro Whopperflower', 2, 5, 1, 4), 
('Arithmetic Enhancer Mek', 2, 5, 1, 8), 

('Hydro Samachurl', 2, 5, 2, 2), 
('Pyro Whopperflower', 2, 5, 2, 4), 
('Arithmetic Enhancer Mek', 2, 5, 2, 8), 

('Hydro Samachurl', 2, 5, 3, 2), 
('Pyro Whopperflower', 2, 5, 3, 4), 
('Arithmetic Enhancer Mek', 2, 5, 3, 8), 

('Anemo Samachurl', 2, 6, 1, 3), 
('Hydro Hypostasis', 2, 6, 1, 10), 
('Dendro Hypostasis', 2, 6, 1, 8), 

('Anemo Samachurl', 2, 6, 2, 3), 
('Hydro Hypostasis', 2, 6, 2, 10), 
('Dendro Hypostasis', 2, 6, 2, 8), 

('Anemo Samachurl', 2, 6, 3, 3), 
('Hydro Hypostasis', 2, 6, 3, 10), 
('Dendro Hypostasis', 2, 6, 3, 8), 

('Fatui Electro Cicin Mage', 2, 7, 1, 6), 
('Abyss Herald: Frost Fall', 2, 7, 1, 1), 
('Millennial Pearl Seahorse', 2, 7, 1, 6), 

('Fatui Electro Cicin Mage', 2, 7, 2, 6), 
('Abyss Herald: Frost Fall', 2, 7, 2, 1), 
('Millennial Pearl Seahorse', 2, 7, 2, 6), 

('Fatui Electro Cicin Mage', 2, 7, 3, 6), 
('Abyss Herald: Frost Fall', 2, 7, 3, 1), 
('Millennial Pearl Seahorse', 2, 7, 3, 6), 

('Dendro Hypostasis', 2, 8, 1, 5), 
('Electro Hypostasis', 2, 8, 1, 9), 
('Hydro Samachurl', 2, 8, 1, 8), 

('Dendro Hypostasis', 2, 8, 2, 5), 
('Electro Hypostasis', 2, 8, 2, 9), 
('Hydro Samachurl', 2, 8, 2, 8), 

('Dendro Hypostasis', 2, 8, 3, 5), 
('Electro Hypostasis', 2, 8, 3, 9), 
('Hydro Samachurl', 2, 8, 3, 8), 

('Arithmetic Enhancer Mek', 2, 9, 1, 2), 
('Millennial Pearl Seahorse', 2, 9, 1, 7), 
('Thunderhelm Lawachurl', 2, 9, 1, 4), 

('Electro Whopperflower', 2, 9, 2, 1), 
('Cryo Cicin', 2, 9, 2, 7), 
('Thunderhelm Lawachurl', 2, 9, 2, 1), 

('Cryo Abyss Mage', 2, 9, 3, 5), 
('Hydro Cicin', 2, 9, 3, 10), 
('Electro Whopperflower', 2, 9, 3, 3), 

('Geo Hypostasis', 2, 10, 1, 6), 
('Cryo Abyss Mage', 2, 10, 1, 8), 
('Primal Construct: Reshaper', 2, 10, 1, 2), 

('Wooden Shield Hilichurl Guard', 2, 10, 2, 8), 
('Geo Hypostasis', 2, 10, 2, 6), 
('Dendro Samachurl', 2, 10, 2, 5), 

('Millennial Pearl Seahorse', 2, 10, 3, 10), 
('Cryo Cicin', 2, 10, 3, 10), 
('Electro Whopperflower', 2, 10, 3, 2), 

('Hydro Cicin', 2, 11, 1, 5), 
('Pyro Abyss Mage', 2, 11, 1, 6), 
('Ruin Guard', 2, 11, 1, 5), 

('Hydro Hypostasis', 2, 11, 2, 1), 
('Abyss Herald: Frost Fall', 2, 11, 2, 8), 
('Arithmetic Enhancer Mek', 2, 11, 2, 7), 

('Millennial Pearl Seahorse', 2, 11, 3, 9), 
('Fatui Electro Cicin Mage', 2, 11, 3, 4), 
('Anemo Samachurl', 2, 11, 3, 4), 

('Treasure Hoarders: Crusher', 2, 12, 1, 7), 
('Cryo Samachurl', 2, 12, 1, 7), 
('Abyss Herald: Frost Fall', 2, 12, 1, 8), 

('Treasure Hoarders: Crusher', 2, 12, 2, 7), 
('Abyss Herald: Frost Fall', 2, 12, 2, 3), 
('Hydro Cicin', 2, 12, 2, 6), 

('Thundercraven Rifthound', 2, 12, 3, 5), 
('Dendro Samachurl', 2, 12, 3, 5), 
('Large Dendro Slime', 2, 12, 3, 8), 

('Electro Hypostasis', 3, 1, 1, 7), 
('Hydro Samachurl', 3, 1, 1, 3), 
('Cryo Samachurl', 3, 1, 1, 1), 

('Electro Hypostasis', 3, 1, 2, 7), 
('Hydro Samachurl', 3, 1, 2, 3), 
('Cryo Samachurl', 3, 1, 2, 1), 

('Electro Hypostasis', 3, 1, 3, 7), 
('Hydro Samachurl', 3, 1, 3, 3), 
('Cryo Samachurl', 3, 1, 3, 1), 

('Cryo Cicin', 3, 2, 1, 6), 
('Thunderhelm Lawachurl', 3, 2, 1, 5), 
('Cryo Whopperflower', 3, 2, 1, 4), 

('Cryo Cicin', 3, 2, 2, 6), 
('Thunderhelm Lawachurl', 3, 2, 2, 5), 
('Cryo Whopperflower', 3, 2, 2, 4), 

('Cryo Cicin', 3, 2, 3, 6), 
('Thunderhelm Lawachurl', 3, 2, 3, 5), 
('Cryo Whopperflower', 3, 2, 3, 4), 

('Cryo Samachurl', 3, 3, 1, 3), 
('Large Pyro Slime', 3, 3, 1, 9), 
('Geo Hypostasis', 3, 3, 1, 8), 

('Cryo Samachurl', 3, 3, 2, 3), 
('Large Pyro Slime', 3, 3, 2, 9), 
('Geo Hypostasis', 3, 3, 2, 8), 

('Cryo Samachurl', 3, 3, 3, 3), 
('Large Pyro Slime', 3, 3, 3, 9), 
('Geo Hypostasis', 3, 3, 3, 8), 

('Cryo Whopperflower', 3, 4, 1, 6), 
('Electro Hilichurl Shooter', 3, 4, 1, 3), 
('Anemo Samachurl', 3, 4, 1, 5), 

('Cryo Whopperflower', 3, 4, 2, 6), 
('Electro Hilichurl Shooter', 3, 4, 2, 3), 
('Anemo Samachurl', 3, 4, 2, 5), 

('Cryo Whopperflower', 3, 4, 3, 6), 
('Electro Hilichurl Shooter', 3, 4, 3, 3), 
('Anemo Samachurl', 3, 4, 3, 5), 

('Hydro Samachurl', 3, 5, 1, 2), 
('Pyro Whopperflower', 3, 5, 1, 4), 
('Arithmetic Enhancer Mek', 3, 5, 1, 8), 

('Hydro Samachurl', 3, 5, 2, 2), 
('Pyro Whopperflower', 3, 5, 2, 4), 
('Arithmetic Enhancer Mek', 3, 5, 2, 8), 

('Hydro Samachurl', 3, 5, 3, 2), 
('Pyro Whopperflower', 3, 5, 3, 4), 
('Arithmetic Enhancer Mek', 3, 5, 3, 8), 

('Anemo Samachurl', 3, 6, 1, 3), 
('Hydro Hypostasis', 3, 6, 1, 10), 
('Dendro Hypostasis', 3, 6, 1, 8), 

('Anemo Samachurl', 3, 6, 2, 3), 
('Hydro Hypostasis', 3, 6, 2, 10), 
('Dendro Hypostasis', 3, 6, 2, 8),

('Anemo Samachurl', 3, 6, 3, 3), 
('Hydro Hypostasis', 3, 6, 3, 10), 
('Dendro Hypostasis', 3, 6, 3, 8), 

('Fatui Electro Cicin Mage', 3, 7, 1, 6), 
('Abyss Herald: Frost Fall', 3, 7, 1, 1), 
('Millennial Pearl Seahorse', 3, 7, 1, 6), 

('Fatui Electro Cicin Mage', 3, 7, 2, 6), 
('Abyss Herald: Frost Fall', 3, 7, 2, 1), 
('Millennial Pearl Seahorse', 3, 7, 2, 6), 

('Fatui Electro Cicin Mage', 3, 7, 3, 6), 
('Abyss Herald: Frost Fall', 3, 7, 3, 1), 
('Millennial Pearl Seahorse', 3, 7, 3, 6), 

('Dendro Hypostasis', 3, 8, 1, 5), 
('Electro Hypostasis', 3, 8, 1, 9), 
('Hydro Samachurl', 3, 8, 1, 8), 

('Dendro Hypostasis', 3, 8, 2, 5), 
('Electro Hypostasis', 3, 8, 2, 9), 
('Hydro Samachurl', 3, 8, 2, 8), 

('Dendro Hypostasis', 3, 8, 3, 5), 
('Electro Hypostasis', 3, 8, 3, 9), 
('Hydro Samachurl', 3, 8, 3, 8), 

('Anemo Samachurl', 3, 9, 1, 4), 
('Large Geo Slime', 3, 9, 1, 6), 
('Large Pyro Slime', 3, 9, 1, 9), 

('Cryo Samachurl', 3, 9, 2, 7), 
('Large Geo Slime', 3, 9, 2, 3), 
('Cryo Regisvine', 3, 9, 2, 7), 

('Anemo Hypostasis', 3, 9, 3, 4), 
('Thundercraven Rifthound', 3, 9, 3, 6), 
('Ruin Guard', 3, 9, 3, 10), 

('Cryo Whopperflower', 3, 10, 1, 5), 
('Abyss Herald: Frost Fall', 3, 10, 1, 1), 
('Geo Hypostasis', 3, 10, 1, 7), 

('Blazing Axe Mitachurl', 3, 10, 2, 4), 
('Abyss Herald: Frost Fall', 3, 10, 2, 7), 
('Thundercraven Rifthound', 3, 10, 2, 8), 

('Blazing Axe Mitachurl', 3, 10, 3, 4), 
('Ruin Drake: Skywatch', 3, 10, 3, 7), 
('Wooden Shield Hilichurl Guard', 3, 10, 3, 9), 

('Wooden Shield Hilichurl Guard', 3, 11, 1, 7), 
('Primal Construct: Reshaper', 3, 11, 1, 8), 
('Ruin Guard', 3, 11, 1, 3), 

('Pyro Abyss Mage', 3, 11, 2, 6), 
('Dendro Hypostasis', 3, 11, 2, 7), 
('Dendro Samachurl', 3, 11, 2, 9), 

('Thunderhelm Lawachurl', 3, 11, 3, 9), 
('Fatui Electro Cicin Mage', 3, 11, 3, 2), 
('Cryo Samachurl', 3, 11, 3, 7), 

('Cryo Whopperflower', 3, 12, 1, 6), 
('Primal Construct: Reshaper', 3, 12, 1, 3), 
('Large Geo Slime', 3, 12, 1, 9), 

('Pyro Abyss Mage', 3, 12, 2, 6), 
('Ruin Grader', 3, 12, 2, 3), 
('Anemo Hilichurl Rogue', 3, 12, 2, 7), 

('Anemo Hypostasis', 3, 12, 3, 9), 
('Hydro Samachurl', 3, 12, 3, 10), 
('Thundercraven Rifthound', 3, 12, 3, 5);


-- Tablas Faltantes Concede, Ingiere, Enemigo, Aparece,Incluye

INSERT INTO ConjuntoArtefactos VALUES ('Afortunado', 'Un trébol de cuatro hojas que crece en la naturaleza. Fue arrancado porque se decía que traía suerte', 15, 100, 'Liyue'),
('Instructor', 'Cuando el instructor llevaba puesto este broche, significaba que ese día no había entrenamiento.', 9, 8, 'Mondstadt'),
('Ritual Antiguo de la Nobleza', 'Una flor satinada con un acabado brillante, apta para una reunión elegante. Todavía se ve tan distinguida como lo hizo el día en que fue desechada', 12, 20, 'Liyue'),
('Artista Marcial', 'Solo este tipo de flor carmesí podía aliviar el dolor del Artista Marcial.', 17, 15, 'Liyue'),
('Doncella Amada', 'Una delicada y orgullosa flor que nunca se ha marchitado. Sigue emitiendo una fraganca irresistible.', 16, 15, 'Mondstadt'),
('Caballería Sanguinaria', 'Una flor seca, oscura, con manchas de sangre y dura como el acero. Es considerada una especie de souvenir.', 13, 25, 'Liyue'),
('Domador de Truenos', 'Una flor que solo crece en zonas tormentosas. Da el coraje necesario para salir al exterior en días de tormenta extrema.', 2, 35, 'Mondstadt'),
('Furia del Trueno', 'Una flor del trueno que sobrevivió al furioso pisoteo y a las llamas abrasadoras de una catástrofe destructiva del pasado.', 2, 15, 'Mondstadt'),
('Corazón de las Profundidades', 'Un broche cuyo color y brillo se han atenuadoo, Su revestimiento dorado original se ha perdido debido a la erosión de la brisa marina.', 3, 15, 'Mondstadt'),
('Petra Arcaica', 'Una flor que brota en las grietas de las rocas y los minerales. Sus pétalos se mecen con la brisá, tal y como una flor real.', 5, 15, 'Liyue'),
('Virtuoso Corredor de Lava', 'Una flor que se abrió entre las llamas. Según la leyenda, los sabios de la antigüedad la llevaron consigo antes de cruzar el mar de fuego.', 20, 40, 'Liyue'),
('Deceso del Cinabrio', 'Un objeto conmemorativo tan vivo como el ser que lo resguardó cientos de años atrás.', 12, 18, 'Liyue'),
('Perla Oceánica', 'Una flor que se ha teñido de muchos de los colores del océano caprichoso y que reluce con hermosos reflejos bajo la luz de la luna.', 28, 15, 'Inazuma'),
('Compañía Dorada', 'Una flor orgullosamente abierta y fabricada con almejas, madreperlas y pan de oro.', 27, 20, 'Fontaine'),
('Llamas Albinas', 'Una flor azul, dura y artificial. Sus pétalos nunca se marchitarán y su color nunca se apagará.', 13, 25, 'Liyue'),
('Fulgor de Vurukasha', 'Una insignia que solían llevar los peregrinos de otros tiempos. Tiene la apariencia de una bella flor.', 14, 20, 'Sumeru'),
('Sueño de la Ninfa', 'La historia debe llegar a su fin. Y cuando lo haga, hasta las flores más frescas se marchitarán. Sin embargo, la flor del sueño siempre mantendrá su lozanía y emanará un delicioso aroma.', 3, 15, 'Sumeru'),
('Recuerdos del Bosque', 'Una flor dorada arrancada de la corona del Rey del Bosque....', 6, 15, 'Sumeru'),
('Cáscara de Sueños Opulentos', 'Un accesorio dorado con forma de flor de seis pétalos. Su belleza inmarcesible nos recuerda lo efímera que puede ser la prosperidad del mundo.', 15, 30, 'Inazuma'),
('Emblema del Destino', 'Cuenta la leyenda que este magnífico guardamano le fue otorgado al oni que traicionó a la Shogun.', 11, 20, 'Inazuma'),
('Flor Olvidada del Paraíso', 'Una flor tallada exquisitamente a partir de amatista. Su forma emula la de una flor de la antigüedad que ya está casi extinta.', 9, 80, 'Sumeru'),
('Cazador Fantasmal', 'Una vieja condecoración que en el pasado se otorgaba a las personas que habían hecho heroicas contribuciones en una batalla.', 17, 15, 'Fontaine'),
('Eco del Sacrificio', 'Una figura de jade con forma de flor. Cierta fragancia fantasmal parece rezumar de ella.', 12, 18, 'Liyue'),
('Exiliado', 'Una flor marchita colgada en la camisa. Debe Significar algo si un exiliado insiste en llevarla puesta.', 11, 20, 'Mondstadt'),
('Nómada del Invierno', 'Una especie de flor de un glaciar extinta hace mucho tiempo. Incluso el guerrero más arrogante una vez se inclinó ante ella.', 4, 15, 'Mondstadt'),
('Final del Gladiador', 'Nadie sabe por qué el legendario y sanguinario Gladiador siempre llevaba esta flor en el pecho, que era su única punto débil.', 12, 18, 'Mondstadt'),
('Erudita', 'Una flor seca utilizada como marcador de libros, había absorbido el aroma de las páginas', 11, 20, 'Liyue'),
('Retroceso del Meteorito', 'Una flor astificial en floración eterna. ¿Estará viva?', 30, 35, 'Liyue'),
('Aventurero', 'Una flor resistente que sobrevivió al duro entorno de una antigua ciudad. Ahora se lleva con orgullo como una medalla', 16, 1000, 'Mondstadt'),
('Bruja Carmesí en Llamas', 'Una flor que fue tocada por una bruja que queria quemar el mundo. La calidez de sus llamas acaricia las manos de aquellos que la intentan tocar.', 1, 15, 'Liyue'),
('Orquesta del Errante', 'Pequeña insignia en forma de flor. Si prestas atención, podrás escuchar las dulces notas de una flauta y un coro de voces', 9, 80, 'Mondstadt'),
('Ritual de la Primavera', 'Una corona ceremonial portada por sacerdotes de tiempos antiguos al ofrecer un sacrificio a los dioses. Su exposición al frío gélido le ha dado una resistencia asombrosa', 23, 40, 'Mondstadt'),
('Ritual de la Iluminación', 'Una corona ceremonial portada por sacerdotes de tiempos antiguos al ofrecer un sacrificio a los dioses. Al ser sumergida constantemente, le ha dado una resistencia asombrosa', 20, 40, 'Liyue'),
('Ritual del Destino', 'Una corona ceremonial portada por sacerdotes de tiempos antiguos al ofrecer un sacrificio a los dioses. Al ser sumergida constantemente, le ha dado una resistencia asombrosa', 22, 40, 'Liyue'),
('Ritual de la Sabiduría', 'Una corona ceremonial portada por sacerdotes de tiempos antiguos al ofrecer un sacrificio a los dioses. El escuchar constantemente el trueno le ha dado una resistencia asombrosa.', 21, 40, 'Mondstadt'),
('Jugadora', 'Una gran y hermosa flor que puede esconder un dado trucado.', 27, 20, 'Sumeru'),
('Corazón del Guerrero', 'Brocher muy sencillo hecho de flores. Es un recuerdo de la primera gran aventura.', 12, 18, 'Liyue'),
('Médica Itinerante', 'Un precioso ingrediente medicinal que ha perdido todas sus propiedades curativas después de tanto tiempo sin ser usado', 28, 20, 'Mondstadt'),
('Sombra Verde Esmeralda', 'En el pasado, esta flor floreció por todas parte. Cuando el cazador se marchó, la usó como broche.', 7, 15, 'Mondstadt');

-- Añadiendo relaciones de personajes
INSERT INTO Conoce VALUES 
('Eula', 'Amber', 'Amistad'),
('Jean', 'Amber', 'Amistad'),
('Kaeya', 'Amber', 'Amistad'),
('Klee', 'Amber', 'Amistad'),
('Lisa', 'Amber', 'Amistad'),
('Chongyun', 'Baizhu', 'Amistad'),
('Barbara', 'Jean', 'Amistad'),
('Gorou', 'Beidou', 'Amistad'),
('Fischl', 'Bennet', 'Amistad'),
('Candace', 'Cyno', 'Amistad'),
('Dehya', 'Candace', 'Amistad'),
('Charlotte', 'Chevreuse', 'Amistad'),
('Furina', 'Charlotte', 'Amistad'),
('Lynette', 'Charlotte', 'Amistad'),
('Lyney', 'Charlotte', 'Amistad'),
('Charlotte', 'Chevreuse', 'Amistad'),
('Chevreuse', 'Furina', 'Amistad'),
('Lynette', 'Chevreuse', 'Amistad'),
('Lyney', 'chevreuse', 'Amistad'),
('Baizhu', 'Chongyun', 'Amistad'),
('Collei', 'Cyno', 'Amistad'),
('Kaveh', 'Collei', 'Amistad'),
('Cyno', 'Collei', 'Amistad'),
('Dehya', 'Cyno', 'Amistad'),
('Kaveh', 'Cyno', 'Amistad'),
('Candace', 'Dehya', 'Amistad'),
('Cyno', 'Dehya', 'Amistad'),
('Diona', 'Diluc', 'Enemistad'),
('Jean', 'Diluc', 'Amistad'),
('Kaeya', 'Diluc', 'Amistad'),
('Diluc', 'Diona', 'Amistad'),
('Klee', 'Diona', 'Amistad'),
('Kaveh', 'Dori', 'Libre'),
('Amber', 'Eula', 'Amistad'),
('Bennet', 'Fischl', 'Amistad'),
('Klee', 'Fischl', 'Amistad'),
('Charlotte', 'Furina', 'Amistad'),
('Chevreuse', 'Furina', 'Amistad'),
('Lynette', 'Furina', 'Enemistad'),
('Lyney', 'Furina', 'Enemistad'),
('Ganyu', 'Gaming', 'Amistad'),
('Gaming', 'Ganyu', 'Amistad'),
('Beidou', 'Gorou', 'Amistad'),
('Kirara', 'Gorou', 'Amistad'),
('Amber', 'Jean', 'Amistad'),
('Barbara', 'Jean', 'Amistad'),
('Diluc', 'Jean', 'Amistad'),
('Kaeya', 'Jean', 'Amistad'),
('Klee', 'Jean', 'Amistad'),
('Lisa', 'Jean', 'Amistad'),
('Amber', 'Kaeya', 'Amistad'),
('Diluc', 'Kaeya', 'Enemistad'),
('Jean', 'Kaeya', 'Amistad'),
('Klee', 'Kaeya', 'Amistad'),
('Lisa', 'Kaeya', 'Amistad'),
('Collei', 'Kaveh', 'Amistad'),
('Cyno', 'Kaveh', 'Amistad'),
('Kaveh', 'Dori', 'Libre'),
('Gorou', 'Kirara', 'Amistad'),
('Amber', 'Klee', 'Amistad'),
('Diona', 'Klee', 'Amistad'),
('Fischl', 'Klee', 'Amistad'),
('Jean', 'Klee', 'Amistad'),
('Kaeya', 'Klee', 'Amistad'),
('Lisa', 'Klee', 'Amistad'),
('Amber', 'Lisa', 'Amistad'),
('Jean', 'Lisa', 'Amistad'),
('Kaeya', 'Lisa', 'Amistad'),
('Klee', 'Lisa', 'Amistad'),
('Charlotte', 'Lynette', 'Amistad'),
('Chevreuse', 'Lynette', 'Amistad'),
('Furina', 'Lynette', 'Enemistad'),
('Lyney', 'Lynette', 'Amistad'),
('Charlotte', 'Lyney', 'Amistad'),
('Chevreuse', 'Lyney', 'Amistad'),
('Furina', 'Lyney', 'Enemistad'),
('Lynette', 'Lyney', 'Amistad'),
('Albedo', 'Albedo', 'Misma persona'),
('Aloy', 'Aloy', 'Misma persona'),
('Amber', 'Amber', 'Misma persona'),
('Baizhu', 'Baizhu', 'Misma persona'),
('Barbara', 'Barbara', 'Misma persona'),
('Beidou', 'Beidou', 'Misma persona'),
('Bennett', 'Bennett', 'Misma persona'),
('Candace', 'Candace', 'Misma persona'),
('Charlotte', 'Charlotte', 'Misma persona'),
('Chevreuse', 'Chevreuse', 'Misma persona'),
('Chongyun', 'Chongyun', 'Misma persona'),
('Collei', 'Collei', 'Misma persona'),
('Cyno', 'Cyno', 'Misma persona'),
('Dehya', 'Dehya', 'Misma persona'),
('Diluc', 'Diluc', 'Misma persona'),
('Diona', 'Diona', 'Misma persona'),
('Dori', 'Dori', 'Misma persona'),
('Eula', 'Eula', 'Misma persona'),
('Fischl', 'Fischl', 'Misma persona'),
('Furina', 'Furina', 'Misma persona'),
('Gaming', 'Gaming', 'Misma persona'),
('Ganyu', 'Ganyu', 'Misma persona'),
('Gorou', 'Gorou', 'Misma persona'),
('Jean', 'Jean', 'Misma persona'),
('Kaeya', 'Kaeya', 'Misma persona'),
('Kaveh', 'Kaveh', 'Misma persona'),
('Kirara', 'Kirara', 'Misma persona'),
('Klee', 'Klee', 'Misma persona'),
('Lisa', 'Lisa', 'Misma persona'),
('Lynette', 'Lynette', 'Misma persona'),
('Lyney', 'Lyney', 'Misma persona'),
('Arlecchino', 'Arlecchino', 'Misma persona'),
('Scaramuccia', 'Scaramuccia', 'Misma persona'),
('Dottore', 'Dottore', 'Misma persona'),
('Guizhong', 'Guizhong', 'Misma persona'),
('Colombina', 'Colombina', 'Misma persona'),
('Ahangar', 'Ahangar', 'Misma persona'),
('Fierro', 'Fierro', 'Misma persona'),
('Elzer', 'Elzer', 'Misma persona'),
('Bruce', 'Bruce', 'Misma persona'),
('Blanche', 'Blanche', 'Misma persona');
