INSERT INTO Arma VALUES ('Espada de Madera', 4, 564, 'Espada Ligera', 60.5, 1, NULL, NULL, NULL, NULL, 1, 60),
('Aquila Favonia', 5, 674, 'Espada Ligera', 80.5, 1, NULL, NULL, NULL, NULL, 5, 20),
('Cortador de Jade Primordial', 5, 541, 'Espada Ligera', 80.2, 1, NULL, NULL, NULL, NULL, 7, 20);

INSERT INTO Region VALUES ('Fontaine', 'Focalors', 'De las regiones de Teyvat, Fontaine se enorgullece de ser el centro de la cultura y las artes; o en palabras de Francis, un mercader ambulante de la región, "la verdadera belleza y elegancia". El periódico «El Pájaro de Vapor» es el principal periódico de la Corte de Fontaine; Mona es columnista en él, lo que sugiere que tienen escritores de todo Teyvat.', 'Hydro'), 
('Lyue', 'Morax', 'Es una de las siete naciones de Teyvat. También es la ciudad-Estado que adora a Morax, el Arconte Geo.', 'Geo'), 
('Inazuma', 'Beelzebul', 'Es una de las siete naciones de Teyvat. Es una nación archipelágica que adora a Beelzebul, la Arconte Electro, quien a su vez dirige la Entidad Controladora local, el Shogunato de Inazuma.', 'Electro'),
('Mondstadt', 'Barbatos', 'Es una de las siete naciones de Teyvat, y es la primera en la que el Viajero empieza a buscar a su hermana perdida. Es la ciudad-estado que adora a Barbatos, el Arconte Anemo.', 'Anemo'),
('Sumeru', 'Reina Menor Kusanali', 'Es una de las sietes naciones de Teyvat. Es la ciudad-estado que adora a la Diosa de la Sabiduría, la Reina Menor Kusanali, la Arconte Dendro.', 'Dendro');

INSERT INTO RegionesInspiradas VALUES ('Fontaine', 'Francia'), 
('Lyue', 'China'),
('Inazuma', 'Japon'),
('Mondstadt', 'Alemania'),
('Sumeru', 'Oriente Próximo y la Antigua India');

INSERT INTO Elemento VALUES ('Anemo'), ('Pyro'), ('Cryo'), ('Geo'), ('Dendro'), ('Electro'), ('Hydro'), ('N/A');

INSERT INTO Efecto VALUES (1, '%Daño Pyro', 'Inflige daño de Fuego'), 
(2, '%Daño Electro', 'Inflige daño Electrico'), 
(3, '%Daño Hydro', 'Inflige daño Acuatico'),
(4, '%Daño Cryo', 'Inflige daño Congelante'),
(5, '%Daño Geo', 'Inflige daño Fisico'),
(6, '%Daño Dendro', 'Inflige daño '),
(7, '%Daño Anemo', 'Inflige daño de Viento'),
(8, '%PROB. Critico', 'Mide la frecuencia con la que un personaje podrá infligir un crítico.'),
(9, '%Maestria Elemental', 'Aumenta la potencia de las Reacciones elementales creadas por tu personaje.'),
(10, '%Daño Critico', 'Determina cuánto daño adicional infligirá el héroe cuando se active un golpe crítico.'),
(11, '%Recarga de Energia', 'Cada personaje tiene una estadística porcentual de Recarga de Energía. Ésta es inicialmente 100%, pero puede aumentar por medio de los artefactos, de un arma o como especialidad del personaje (en Shogun Raiden, Mona, Bennet, Venti, Kaeya y Yun Jin).'),
(12, '%ATQ', 'Hace un incremento al ataque normal por ciertos segundos, aumentando mas el porcentaje.'),
(13, '%Daño Fisico', 'Es el daño estandard de las armas.');

-- Ataque%, Vida%, Fisico%, Elemental%

INSERT INTO Comida VALUES ('Carne de Mora', 1, 'Lyue'),
('Carne Frita', 1, 'Lyue'),
('Dango Tricolor', 3, 'Inazuma'),
('Costillas con salsa secreta', 2, 'Fontaine'),
('Estofado de perca de lomo negro', 3, 'Lyue'),
('Leche de dango', 3, 'Inazuma'),
('Arroz con anguila bañado en té', 3, 'Inazuma'),
('Biryani', 4, 'Sumeru'),
('Brotes de bambú hervidos', 2, 'Inazuma'),
('Cangrejo mantequilla', 4, 'Inazuma'),
('Pesca extrema', 3, 'Mondstadt'),
('Tayín fuegoáureo', 3, 'Sumeru'),
('Para Foçalors', 3, 'Fontaine'),
('Cassoulet', 3, 'Fontaine'),
('Arroz con anguila bañado en té', 3, 'Inazuma'),
('Pollo rockero', 2, 'Lyue'),
('Ensalada saludable', 2, 'Mondstadt'),
('Fideos barba de dragón', 3, 'Lyue'),
('Guoba de Jueyun', 3, 'Lyue'),
('Jugo de gancho de lobo', 2, 'Mondstadt'),
('Cien sabores', 3, 'Fontaine'),
('Carne a la jardinera', 2, 'Mondstadt'),
('Chop suey de Zhongyuan', 3, 'Lyue'),
('Fish and chips', 3, 'Fontaine'),
('Tulumba', 3, 'Sumeru'),
('Carne estilo Eje Celestial', 4, 'Lyue'),
('Pollo “en vessie”', 4, 'Fontaine'),
('Érase una vez en Mondstadt', 3, 'Mondstadt'),
('Brotes de bambú hervidos', 2, 'Inazuma'),
('Pescado mandarín agridulce', 3, 'Lyue'),
('Pizza de champiñones especial', 3, 'Inazuma'),
('Trucha con almendras', 1, 'Fontaine'),
('Tortilla de papas de Mondstadt', 3, 'Mondstadt'),
('Sopa de cebolla', 2, 'Fontaine'),
('Pastelillo de luna', 4, 'Mondstadt'),
('Pescado seco estofado', 1, 'Inazuma'),
('Bolitas de harina de arroz', 1, 'Lyue'),
('Caracolas de cristal', 3, 'Fontaine'),
('Estofado de carne de Sabz', 3, 'Sumeru'),
('Onigiri', 2, 'Inazuma');


CREATE TABLE Comida (
    nombre VARCHAR(50) PRIMARY KEY NOT NULL,
    rareza INTEGER(5) NOT NULL,
    nombre_region VARCHAR(100) NOT NULL,
    FOREIGN KEY (nombre_region) REFERENCES Region(nombre)
);

CREATE TABLE Arma (
    nombre VARCHAR(50) PRIMARY KEY NOT NULL,
    rareza INT NOT NULL,
    ataque_base FLOAT NOT NULL,
    tipo VARCHAR(100) NOT NULL,
    logitud INT NOT NULL,
    doble_filo BOOLEAN NOT NULL,
    peso INT NOT NULL,
    tipo_punta VARCHAR(100) NOT NULL,
    material_cuerda VARCHAR(100) NOT NULL,
    tipo_magia VARCHAR(100) NOT NULL,
    segundo_efecto VARCHAR(100) NOT NULL,
    maginitud_segundo_efecto INT NOT NULL
);


INSERT INTO Personaje VALUES ('Albedo','Jefe Alquimista','Geo','BODY_BOY','NULL','5','WEAPON_SWORD_ONE_HAND',19,4,68,1029,'Mondstadt','Sword','%Daño Geo','NULL','Abiogenesis: Solar Isotoma','Rite of Progeniture: Tectonic Tide','NULL'),
('Alhaitham','NULL','Dendro','BODY_MALE','NULL','5','WEAPON_SWORD_ONE_HAND',24,5,60,1039,'Sumeru','Sword','%Daño Dendro','NULL','Universality: An Elaboration on Form','Particular Field: Fetters of Phenomena','NULL'),
('Aloy','NULL','Cryo','BODY_GIRL','NULL','5','WEAPON_BOW',18,NULL,52,848,'NULL','Bow','%Daño Cryo','NULL','Frozen Wilds','Prophecies of Dawn','NULL'),
('Amber','NULL','Pyro','BODY_GIRL','NULL','4','WEAPON_BOW',18,1,50,793,'Mondstadt','Bow','ATK','NULL','Explosive Puppet','Fiery Rain','NULL'),
('Arataki Itto','NULL','Geo','BODY_MALE','NULL','5','WEAPON_CLAYMORE',17,4,74,1000,'Inazuma','Claymore','CRIT Rate','NULL','Masatsu Zetsugi: Akaushi Burst!','Royal Descent: Behold, Itto the Evil!','NULL'),
('Baizhu','NULL','Dendro','BODY_MALE','NULL','5','WEAPON_CATALYST',14,NULL,38,1039,'Liyue','Catalyst','HP','NULL','Universal Diagnosis','Holistic Revivification','NULL'),
('Barbara','NULL','Hydro','BODY_GIRL','NULL','4','WEAPON_CATALYST',13,4,56,820,'Mondstadt','Catalyst','HP','NULL','Let the Show Begin♪','Shining Miracle♪','NULL'),
('Beidou','NULL','Electro','BODY_LADY','NULL','4','WEAPON_CLAYMORE',18,4,54,1094,'Liyue','Claymore','%Daño Electro','NULL','Tidecaller','Stormbreaker','NULL'),
('Bennett','NULL','Pyro','BODY_BOY','NULL','4','WEAPON_SWORD_ONE_HAND',16,NULL,64,1039,'Mondstadt','Sword','Energy Recharge','NULL','Passion Overload','Fantastic Voyage','NULL'),
('Candace','NULL','Hydro','BODY_LADY','NULL','4','WEAPON_POLE',17,5,57,911,'Sumeru','Polearm','HP','NULL','Sacred Rite: Herons Sanctum','Sacred Rite: Wagtails Tide','NULL'),
('Charlotte','NULL','Cryo','BODY_GIRL','NULL','4','WEAPON_CATALYST',14,5,45,902,'Fontaine','Catalyst','ATK','NULL','Framing: Freezing Point Composition','Still Photo: Comprehensive Confirmation','NULL'),
('Chevreuse','NULL','Pyro','BODY_GIRL','NULL','4','WEAPON_POLE',16,NULL,50,1002,'Fontaine','Polearm','HP','NULL','Short-Range Rapid Interdiction Fire','Ring of Bursting Grenades','NULL'),
('Chongyun','NULL','Cryo','BODY_BOY','NULL','4','WEAPON_CLAYMORE',18,NULL,54,920,'Liyue','Claymore','ATK','NULL','Spirit Blade: Chonghuas Layered Frost','Spirit Blade: Cloud-Parting Star','NULL'),
('Collei','NULL','Dendro','BODY_GIRL','NULL','4','WEAPON_BOW',16,NULL,50,820,'Sumeru','Bow','ATK','NULL','Floral Brush','Trump-Card Kitty','NULL'),
('Cyno','NULL','Electro','BODY_BOY','NULL','5','WEAPON_POLE',24,NULL,66,972,'Sumeru','Polearm','%Daño Crítico','NULL','Secret Rite: Chasmic Soulfarer','Sacred Rite: Wolfs Swiftness','NULL'),
('Dehya','NULL','Pyro','BODY_LADY','NULL','5','WEAPON_CLAYMORE',20,3,48,1220,'Sumeru','Claymore','HP','NULL','Molten Inferno','Leonine Bite','NULL'),
('Diluc','NULL','Pyro','BODY_MALE','NULL','5','WEAPON_CLAYMORE',26,5,61,1010,'Mondstadt','Claymore','CRIT Rate','NULL','Searing Onslaught','Dawn','NULL'),
('Diona','NULL','Cryo','BODY_LOLI','NULL','4','WEAPON_BOW',17,3,50,802,'Mondstadt','Bow','%Daño Cryo','NULL','Icy Paws','Signature Mix','NULL'),
('Dori','NULL','Electro','BODY_LOLI','NULL','4','WEAPON_CLAYMORE',18,4,60,1039,'Sumeru','Claymore','HP','NULL','Spirit-Warding Lamp: Troubleshooter Cannon','Alcazarzarays Exactitude','NULL'),
('Eula','NULL','Cryo','BODY_LADY','NULL','5','WEAPON_CLAYMORE',26,NULL,58,1029,'Mondstadt','Claymore','%Daño Crítico','NULL','Icetide Vortex','Glacial Illumination','NULL'),
('Faruzan','NULL','Anemo','BODY_GIRL','NULL','4','WEAPON_BOW',16,1,52,802,'Sumeru','Bow','ATK','NULL','Wind Realm of Nasamjnin','The Winds Secret Ways','NULL'),
('Fischl','NULL','Electro','BODY_GIRL','NULL','4','WEAPON_BOW',20,3,49,770,'Mondstadt','Bow','ATK','NULL','Nightrider','Midnight Phantasmagoria','NULL'),
('Freminet','NULL','Cryo','BODY_BOY','NULL','4','WEAPON_CLAYMORE',21,NULL,59,1012,'Fontaine','Claymore','ATK','NULL','Pressurized Floe','Shadowhunters Ambush','NULL'),
('Furina','NULL','Hydro','BODY_GIRL','NULL','5','WEAPON_SWORD_ONE_HAND',18,4,54,1191,'Fontaine','Sword','CRIT Rate','NULL','Salon Solitaire','Let the People Rejoice','NULL'),
('Gaming','NULL','Pyro','BODY_BOY','NULL','4','WEAPON_CLAYMORE',25,1,58,957,'Liyue','Claymore','ATK','NULL','Bestial Ascent','Suannis Gilded Dance','NULL'),
('Ganyu','NULL','Cryo','BODY_GIRL','NULL','5','WEAPON_BOW',26,5,49,762,'Liyue','Bow','%Daño Crítico','NULL','Trail of the Qilin','Celestial Shower','NULL'),
('Gorou','NULL','Geo','BODY_BOY','NULL','4','WEAPON_BOW',15,NULL,54,802,'Inazuma','Bow','%Daño Geo','NULL','Inuzaka All-Round Defense','Juuga: Forward Unto Victory','NULL'),
('Hu Tao','NULL','Pyro','BODY_GIRL','NULL','5','WEAPON_POLE',8,5,68,1210,'Liyue','Polearm','%Daño Crítico','NULL','Guide to Afterlife','Spirit Soother','NULL'),
('Jean','NULL','Anemo','BODY_LADY','NULL','5','WEAPON_SWORD_ONE_HAND',18,5,59,1143,'Mondstadt','Sword','Healing Bonus','NULL','Gale Blade','Dandelion Breeze','NULL'),
('Kaedehara Kazuha','NULL','Anemo','BODY_BOY','NULL','5','WEAPON_SWORD_ONE_HAND',23,2,62,1039,'Inazuma','Sword','Elemental Mastery','NULL','Chihayaburu','Kazuha Slash','NULL'),
('Kaeya','NULL','Cryo','BODY_MALE','NULL','4','WEAPON_SWORD_ONE_HAND',18,2,66,975,'Mondstadt','Sword','Energy Recharge','NULL','Frostgnaw','Glacial Waltz','NULL'),
('Kamisato Ayaka','NULL','Cryo','BODY_GIRL','NULL','5','WEAPON_SWORD_ONE_HAND',26,1,61,1000,'Inazuma','Sword','%Daño Crítico','NULL','Kamisato Art: Hyouka','Kamisato Art: Soumetsu','NULL'),
('Kamisato Ayato','NULL','Hydro','BODY_MALE','NULL','5','WEAPON_SWORD_ONE_HAND',23,4,59,1067,'Inazuma','Sword','%Daño Crítico','NULL','Kamisato Art: Kyouka','Kamisato Art: Suiyuu','NULL'),
('Kaveh','NULL','Dendro','BODY_MALE','NULL','4','WEAPON_CLAYMORE',19,2,62,1002,'Sumeru','Claymore','Elemental Mastery','NULL','Artistic Ingenuity','Painted Dome','NULL'),
('Keqing','NULL','Electro','BODY_GIRL','NULL','5','WEAPON_SWORD_ONE_HAND',25,1,62,1020,'Liyue','Sword','%Daño Crítico','NULL','Stellar Restoration','Starward Sword','NULL'),
('Kirara','NULL','Dendro','BODY_GIRL','NULL','4','WEAPON_SWORD_ONE_HAND',18,NULL,45,1021,'Inazuma','Sword','HP','NULL','Meow-teor Kick','Secret Art: Surprise Dispatch','NULL'),
('Klee','NULL','Pyro','BODY_LOLI','NULL','5','WEAPON_CATALYST',24,2,47,800,'Mondstadt','Catalyst','%Daño Pyro','NULL','Jumpy Dumpty','Sparks 'n' Splash','NULL'),
('Kujou Sara','NULL','Electro','BODY_LADY','NULL','4','WEAPON_BOW',16,2,52,802,'Inazuma','Bow','ATK','NULL','Tengu Stormcall','Subjugation: Koukou Sendou','NULL'),
('Kuki Shinobu','NULL','Electro','BODY_GIRL','NULL','4','WEAPON_SWORD_ONE_HAND',17,1,62,1030,'Inazuma','Sword','HP','NULL','Sanctifying Ring','Gyoei Narukami Kariyama Rite','NULL'),
('Layla','NULL','Cryo','BODY_GIRL','NULL','4','WEAPON_SWORD_ONE_HAND',18,1,54,930,'Sumeru','Sword','HP','NULL','Nights of Formal Focus','Dream of the Star-Stream Shaker','NULL'),
('Lisa','NULL','Electro','BODY_LADY','NULL','4','WEAPON_CATALYST',19,3,48,802,'Mondstadt','Catalyst','Elemental Mastery','NULL','Violet Arc','Lightning Rose','NULL'),
('Lumine','NULL','None','BODY_GIRL','NULL','5','WEAPON_SWORD_ONE_HAND',17,2,57,911,'NULL','Sword','ATK','NULL','NULL','NULL','NULL'),
('Lynette','NULL','Anemo','BODY_GIRL','NULL','4','WEAPON_SWORD_ONE_HAND',19,4,59,1039,'Fontaine','Sword','%Daño Anemo','NULL','Enigmatic Feint','Magic Trick: Astonishing Shift','NULL'),
('Lyney','NULL','Pyro','BODY_BOY','NULL','5','WEAPON_BOW',24,NULL,41,857,'Fontaine','Bow','CRIT Rate','NULL','Bewildering Lights','Wondrous Trick: Miracle Parade','NULL'),
('Mika','NULL','Cryo','BODY_BOY','NULL','4','WEAPON_POLE',18,2,59,1048,'Mondstadt','Polearm','HP','NULL','Starfrost Swirl','Skyfeather Song','NULL'),
('Mona','NULL','Hydro','BODY_GIRL','NULL','5','WEAPON_CATALYST',22,1,50,810,'Mondstadt','Catalyst','Energy Recharge','NULL','Mirror Reflection of Doom','Stellaris Phantasm','NULL'),
('Nahida','NULL','Dendro','BODY_LOLI','NULL','5','WEAPON_CATALYST',23,2,49,806,'Sumeru','Catalyst','Elemental Mastery','NULL','All Schemes to Know','Illusory Heart','NULL'),
('Navia','NULL','Geo','BODY_LADY','NULL','5','WEAPON_CLAYMORE',27,4,61,984,'Fontaine','Claymore','%Daño Crítico','NULL','Ceremonial Crystalshot','As the Sunlit Skys Singing Salute','NULL'),
('Neuvillette','NULL','Hydro','BODY_MALE','NULL','5','WEAPON_CATALYST',16,NULL,44,1143,'Fontaine','Catalyst','%Daño Crítico','NULL','O Tears, I Shall Repay','O Tides, I Have Returned','NULL'),
('Nilou','NULL','Hydro','BODY_GIRL','NULL','5','WEAPON_SWORD_ONE_HAND',17,1,56,1182,'Sumeru','Sword','HP','NULL','Dance of Haftkarsvar','Dance of Abzendegi: Distant Dreams, Listening Spring','NULL'),
('Ningguang','NULL','Geo','BODY_LADY','NULL','4','WEAPON_CATALYST',17,NULL,48,820,'Liyue','Catalyst','%Daño Geo','NULL','Jade Screen','Starshatter','NULL'),
('Noelle','NULL','Geo','BODY_GIRL','NULL','4','WEAPON_CLAYMORE',16,1,66,1012,'Mondstadt','Claymore','DEF','NULL','Breastplate','Sweeping Time','NULL'),
('Qiqi','NULL','Cryo','BODY_LOLI','NULL','5','WEAPON_SWORD_ONE_HAND',22,NULL,71,962,'Liyue','Sword','Healing Bonus','NULL','Adeptus Art: Herald of Frost','Adeptus Art: Preserver of Fortune','NULL'),
('Raiden Shogun','NULL','Electro','BODY_LADY','NULL','5','WEAPON_POLE',26,2,61,1004,'Inazuma','Polearm','Energy Recharge','NULL','Transcendence: Baleful Omen','Secret Art: Musou Shinsetsu','NULL'),
('Razor','NULL','Electro','BODY_BOY','NULL','4','WEAPON_CLAYMORE',19,1,62,1002,'Mondstadt','Claymore','%Daño Físico','NULL','Claw and Thunder','Lightning Fang','NULL'),
('Rosaria','NULL','Cryo','BODY_LADY','NULL','4','WEAPON_POLE',20,3,59,1030,'Mondstadt','Polearm','ATK','NULL','Ravaging Confession','Rites of Termination','NULL'),
('Sangonomiya Kokomi','NULL','Hydro','BODY_GIRL','NULL','5','WEAPON_CATALYST',18,2,51,1048,'Inazuma','Catalyst','%Daño Hydro','NULL','Kurages Oath','Nereids Ascension','NULL'),
('Sayu','NULL','Anemo','BODY_LOLI','NULL','4','WEAPON_CLAYMORE',20,NULL,62,993,'Inazuma','Claymore','Elemental Mastery','NULL','Yoohoo Art: Fuuin Dash','Yoohoo Art: Mujina Flurry','NULL'),
('Shenhe','NULL','Cryo','BODY_LADY','NULL','5','WEAPON_POLE',23,3,64,1011,'Liyue','Polearm','ATK','NULL','Spring Spirit Summoning','Divine Maidens Deliverance','NULL'),
('Shikanoin Heizou','NULL','Anemo','BODY_BOY','NULL','4','WEAPON_CATALYST',18,1,57,893,'Inazuma','Catalyst','%Daño Anemo','NULL','Heartstopper Strike','Windmuster Kick','NULL'),
('Sucrose','NULL','Anemo','BODY_GIRL','NULL','4','WEAPON_CATALYST',14,1,58,775,'Mondstadt','Catalyst','%Daño Anemo','NULL','Astable Anemohypostasis Creation - 6308','Forbidden Creation - Isomer 75 / Type II','NULL'),
('Tartaglia','NULL','Hydro','BODY_MALE','NULL','5','WEAPON_BOW',23,2,63,1020,'Snezhnaya','Bow','%Daño Hydro','NULL','Foul Legacy: Raging Tide','Havoc: Obliteration','NULL'),
('Thoma','NULL','Pyro','BODY_MALE','NULL','4','WEAPON_POLE',16,2,62,866,'Inazuma','Polearm','ATK','NULL','Blazing Blessing','Crimson Ooyoroi','NULL'),
('Tighnari','NULL','Dendro','BODY_BOY','NULL','5','WEAPON_BOW',20,3,49,844,'Sumeru','Bow','%Daño Dendro','NULL','Vijnana-Phala Mine','Fashioners Tanglevine Shaft','NULL'),
('Venti','NULL','Anemo','BODY_BOY','NULL','5','WEAPON_BOW',20,2,52,819,'Mondstadt','Bow','Energy Recharge','NULL','Skyward Sonnet','Winds Grand Ode','NULL'),
('Wanderer','NULL','Anemo','BODY_BOY','NULL','5','WEAPON_CATALYST',25,NULL,47,791,'Sumeru','Catalyst','CRIT Rate','NULL','Hanega: Song of the Wind','Kyougen: Five Ceremonial Plays','NULL'),
('Wriothesley','NULL','Cryo','BODY_MALE','NULL','5','WEAPON_CATALYST',24,4,59,1058,'Fontaine','Catalyst','%Daño Crítico','NULL','Icefang Rush','Darkgold Wolfbite','NULL'),
('Xiangling','NULL','Pyro','BODY_GIRL','NULL','4','WEAPON_POLE',18,4,56,911,'Liyue','Polearm','Elemental Mastery','NULL','Guoba Attack','Pyronado','NULL'),
('Xianyun','NULL','Anemo','BODY_LADY','NULL','5','WEAPON_CATALYST',26,4,44,810,'Liyue','Catalyst','ATK','NULL','White Clouds at Dawn','Stars Gather at Dusk','NULL'),
('Xiao','NULL','Anemo','BODY_BOY','NULL','5','WEAPON_POLE',27,4,62,991,'Liyue','Polearm','CRIT Rate','NULL','Lemniscatic Wind Cycling','Bane of All Evil','NULL'),
('Xingqiu','NULL','Hydro','BODY_BOY','NULL','4','WEAPON_SWORD_ONE_HAND',16,1,63,857,'Liyue','Sword','ATK','NULL','Guhua Sword: Fatal Rainscreen','Guhua Sword: Raincutter','NULL'),
('Xinyan','NULL','Pyro','BODY_GIRL','NULL','4','WEAPON_CLAYMORE',20,5,66,939,'Liyue','Claymore','ATK','NULL','Sweeping Fervor','Riff Revolution','NULL'),
('Yae Miko','NULL','Electro','BODY_LADY','NULL','5','WEAPON_CATALYST',26,2,44,807,'Inazuma','Catalyst','CRIT Rate','NULL','Yakan Evocation: Sesshou Sakura','Great Secret Art: Tenko Kenshin','NULL'),
('Yanfei','NULL','Pyro','BODY_GIRL','NULL','4','WEAPON_CATALYST',20,2,49,784,'Liyue','Catalyst','%Daño Pyro','NULL','Signed Edict','Done Deal','NULL'),
('Yaoyao','NULL','Dendro','BODY_LOLI','NULL','4','WEAPON_POLE',17,5,62,1030,'Liyue','Polearm','HP','NULL','Raphanus Sky Cluster','Moonjade Descent','NULL'),
('Yelan','NULL','Hydro','BODY_LADY','NULL','5','WEAPON_BOW',18,5,42,1124,'Liyue','Bow','CRIT Rate','NULL','Lingering Lifeline','Depth-Clarion Dice','NULL'),
('Yoimiya','NULL','Pyro','BODY_GIRL','NULL','5','WEAPON_BOW',25,3,47,791,'Inazuma','Bow','CRIT Rate','NULL','Niwabi Fire-Dance','Ryuukin Saxifrage','NULL'),
('Yun Jin','NULL','Geo','BODY_GIRL','NULL','4','WEAPON_POLE',16,2,61,893,'Liyue','Polearm','Energy Recharge','NULL','Opening Flourish','Cliffbreakers Banner','NULL'),
('Zhongli','NULL','Geo','BODY_MALE','NULL','5','WEAPON_POLE',19,3,57,1143,'Liyue','Polearm','%Daño Geo','NULL','Dominus Lapidis','Planet Befall','NULL'),
INSERT INTO ConjuntoArtefactos VALUES ('');
